school,volunteer,sports,clubs,sports_clubs,help_others,explore,experience,resume,friends,leadership,other_benefits,no_benefits,distracts,training,frustrating,boring,takes_time,money,other_neg,no_neg,specialized_school
Academy of Law and Public Safety,0,1,0,0,1,0,1,0,0,0,1,0,0,0,0,0,0,0,0,1,1
Academy of Law and Public Safety,1,0,1,0,1,1,1,1,1,1,0,0,0,0,0,0,0,0,0,1,1
Academy of Law and Public Safety,0,0,1,0,1,1,1,1,1,1,0,0,0,0,0,0,0,0,1,0,1
Academy of Law and Public Safety,1,0,0,1,1,1,1,1,1,1,0,0,0,0,0,0,0,0,0,1,1
Academy of Law and Public Safety,0,1,0,0,1,0,1,1,1,1,0,0,0,0,1,1,1,0,0,0,1
Academy of Law and Public Safety,1,0,0,1,1,0,1,1,0,1,1,0,1,0,1,1,1,1,0,0,1
Academy of Law and Public Safety,0,0,0,1,1,0,0,0,0,1,0,0,0,0,0,0,0,0,0,1,1
Academy of Law and Public Safety,0,1,0,0,1,1,1,1,1,1,0,0,1,0,0,0,0,0,0,0,1
Academy of Law and Public Safety,0,1,0,0,0,0,0,0,0,0,0,1,0,0,0,0,0,0,0,1,1
Academy of Law and Public Safety,1,0,1,0,1,1,1,1,1,1,0,0,0,0,0,0,1,0,0,0,1
"Arthur L. Johnson, NJ/USA",1,0,0,1,1,0,1,1,1,1,0,0,1,0,0,0,0,0,0,0,0
Atlantic County Institute of Technology N.J. US,0,0,0,0,1,0,0,1,1,1,1,0,1,0,0,0,0,1,0,0,0
Barnegat High School,0,0,0,0,1,0,0,0,0,0,0,0,0,0,0,0,0,0,0,1,0
Barnegat High School,0,1,0,0,0,0,0,0,0,0,1,0,0,0,0,0,0,0,1,0,0
Barnegat High School,0,0,0,0,1,1,1,0,1,1,0,0,0,1,0,0,1,1,0,0,0
Barnegat High School,0,0,0,0,1,1,1,1,1,1,0,0,0,0,0,0,0,0,0,1,0
"Battlefield High School, VA, USA",1,0,0,0,1,1,1,0,1,1,0,0,1,0,0,1,0,0,0,0,0
Bordentown Regional High School,1,1,0,0,1,1,1,1,1,1,0,0,1,1,0,0,0,1,0,0,0
Brick Memorial High School,0,1,0,0,1,0,0,1,0,1,0,0,0,0,0,0,0,0,1,0,0
Brick Memorial High School,0,0,0,0,1,1,1,1,1,1,0,0,0,0,0,0,0,1,0,0,0
Brick Memorial High School,0,0,0,0,0,1,0,0,0,0,0,0,0,1,0,0,0,0,0,0,0
Brick Memorial High School,0,0,0,0,1,1,1,1,1,1,0,0,1,0,1,0,1,1,0,0,0
Brick Memorial High School,0,0,0,0,0,1,1,1,0,0,0,0,0,0,0,1,1,0,0,0,0
Brick Memorial High School,0,0,0,0,1,1,1,0,1,1,0,0,1,0,0,0,0,0,0,0,0
Brick Memorial High School,1,1,0,0,1,1,0,1,1,1,0,0,0,0,0,1,0,1,0,0,0
Brick Memorial High School,0,0,0,0,1,0,1,0,1,0,0,0,0,0,0,0,0,0,0,1,0
Brick Memorial High School,0,0,0,0,0,1,0,1,0,1,0,0,0,0,0,1,0,1,0,0,0
Brick Memorial High School,0,0,0,0,0,0,0,0,0,0,0,1,0,0,0,0,0,0,1,0,0
Brick Memorial High School,0,0,0,0,1,1,1,0,1,0,0,0,0,0,0,0,0,0,1,0,0
Brick Memorial High School,0,0,0,0,1,0,1,0,0,1,0,0,1,0,1,1,1,0,0,0,0
Brick Memorial High School,0,0,0,0,1,0,1,0,1,1,0,0,1,0,1,1,0,0,0,0,0
Brick Memorial High School,0,0,1,0,0,0,0,0,0,0,0,1,0,0,0,0,0,0,0,1,0
Brick Memorial High School,0,0,0,0,1,0,1,0,0,1,0,0,1,0,0,1,0,0,0,0,0
Brick Memorial High School,0,0,0,0,1,1,1,1,1,1,1,0,1,0,1,1,1,1,1,0,0
Brick Memorial High School,0,0,0,0,1,0,0,0,1,1,0,0,1,0,1,0,1,0,0,0,0
Brick Memorial High School,0,0,0,0,1,1,1,0,1,1,0,0,1,0,1,1,1,0,0,0,0
Brick Memorial High School,0,0,0,0,1,1,0,1,1,0,0,0,1,0,0,0,0,0,0,0,0
Brick Memorial High School,0,0,0,0,1,0,0,1,0,0,0,0,1,0,1,1,0,1,0,0,0
Brick Memorial High School,0,0,0,0,1,1,1,0,0,1,0,0,0,0,0,1,1,1,0,0,0
Brick Memorial High School,0,0,1,0,1,1,0,0,0,1,0,0,1,1,0,0,1,0,0,0,0
Brick Memorial High School,0,0,0,0,1,1,1,1,0,0,1,0,1,1,1,1,1,1,1,0,0
Brick Memorial High School,0,0,1,0,1,1,1,1,1,1,0,0,1,0,0,0,0,1,0,0,0
Brick Memorial High School,0,0,0,0,1,1,1,1,1,1,0,0,1,0,1,0,1,1,0,0,0
Brick Memorial High School,0,0,0,0,1,0,0,0,0,0,0,0,0,0,1,1,0,0,0,0,0
Brick Memorial High School,0,0,0,0,1,1,0,0,1,1,0,0,0,0,0,0,1,1,0,0,0
Brick Memorial High School,1,0,1,0,1,0,0,1,1,1,0,0,0,0,0,1,0,0,1,0,0
Brick Memorial High School,0,0,0,0,1,0,0,0,1,1,0,0,0,0,0,1,1,1,0,0,0
Central Regional High School,0,1,0,0,1,1,0,0,0,0,0,0,0,0,0,0,0,0,1,0,0
Central Regional High School,0,0,0,0,1,1,1,1,1,1,0,0,0,0,0,0,0,0,0,1,0
Central Regional High School,0,0,1,0,1,1,1,1,0,0,0,0,1,0,1,1,1,1,0,0,0
Central Regional High School,1,0,0,0,1,1,0,0,1,0,0,0,1,0,1,1,0,1,0,0,0
Central Regional High School,0,0,0,0,1,1,0,0,0,1,0,0,0,0,0,0,0,0,0,1,0
Central Regional High School,0,0,0,0,1,0,1,1,0,0,0,0,0,0,0,0,0,0,0,1,0
Central Regional High School,0,0,0,0,0,0,1,0,0,0,0,0,1,0,0,0,0,0,0,0,0
Central Regional High School,0,0,1,0,1,1,1,0,1,1,0,0,1,0,0,1,0,0,0,0,0
Central Regional High School,0,0,0,0,0,0,1,1,1,0,0,0,1,0,0,1,0,1,0,0,0
Central Regional High School,1,0,0,0,1,1,0,0,1,1,0,0,1,0,0,0,0,0,0,0,0
Central Regional High School,0,0,0,0,1,1,1,1,1,1,0,0,1,0,0,1,0,0,0,0,0
Central Regional High School,0,0,1,0,1,0,0,1,0,1,0,0,0,0,1,1,0,0,0,0,0
Central Regional High School,0,0,0,0,1,0,1,0,0,1,0,0,1,0,0,1,1,1,0,0,0
Central Regional High School,0,0,0,0,1,1,0,1,1,1,0,0,1,0,1,1,1,0,0,0,0
Central Regional High School,0,0,0,0,1,0,0,0,1,1,0,0,1,0,1,1,1,0,0,0,0
Central Regional High School,0,0,0,0,1,0,0,0,0,1,0,0,1,0,0,1,0,0,0,0,0
Central Regional High School,0,0,0,0,1,0,0,0,0,1,0,0,1,0,0,1,0,0,0,0,0
Central Regional High School,0,0,0,0,1,0,0,0,1,1,0,0,0,0,1,1,0,0,0,0,0
Central Regional High School,1,0,0,0,1,1,0,0,1,1,0,0,0,0,0,0,0,0,0,1,0
Central Regional High School,0,0,0,0,0,0,0,0,0,0,0,1,0,0,1,0,0,0,1,0,0
Central Regional High School,0,0,0,0,1,1,0,0,1,1,0,0,1,0,0,1,1,1,0,0,0
Central Regional High School,0,0,0,0,0,1,0,0,0,0,0,0,1,0,0,0,1,0,0,0,0
Central Regional High School,0,0,0,0,1,0,0,0,1,1,0,0,0,0,0,1,1,0,0,0,0
Central Regional High School,0,0,0,0,1,1,0,1,0,1,0,0,1,0,1,1,0,1,0,0,0
Central Regional High School,0,0,0,0,1,0,1,1,0,1,1,0,0,0,1,1,0,0,1,0,0
Central Regional High School,0,0,0,0,1,0,1,1,1,1,0,0,0,0,0,0,0,0,0,0,0
Central Regional High School,0,0,0,0,1,0,1,0,1,1,0,0,1,0,0,1,1,1,0,0,0
Central Regional High School,0,0,0,0,1,0,1,0,0,0,0,0,1,0,1,1,1,0,0,0,0
Central Regional High School,0,0,0,0,1,0,0,1,1,1,0,0,0,0,0,0,0,1,0,0,0
Central Regional High School,0,0,0,0,0,0,0,0,0,0,1,0,1,0,0,0,0,0,1,0,0
Central Regional High School,1,0,0,0,1,1,0,0,0,1,0,0,1,0,0,0,0,0,0,0,0
Central Regional High School,1,0,0,0,1,1,0,0,1,1,0,0,0,0,1,0,1,0,0,0,0
Central Regional High School,1,0,0,0,1,1,0,0,1,1,0,0,1,0,0,0,0,0,0,0,0
Central Regional High School,0,0,0,0,1,1,1,0,1,1,1,0,0,0,1,1,1,1,1,0,0
Central Regional High School,0,0,0,0,1,1,0,0,1,1,0,0,0,0,1,0,0,1,0,0,0
Central Regional High School,0,0,0,0,1,1,1,1,1,1,0,0,0,0,0,0,0,1,0,0,0
Central Regional High School,0,0,0,0,1,0,0,0,0,0,0,0,0,0,0,1,0,0,0,0,0
Central Regional High School,0,0,0,0,1,0,1,0,1,1,0,0,1,0,0,1,0,1,0,0,0
Central Regional High School,1,0,0,0,1,1,0,0,0,0,1,0,0,0,1,1,0,0,1,0,0
Central Regional High School,0,0,0,0,1,1,0,0,0,1,0,0,1,0,0,0,0,0,0,0,0
Central Regional High School,0,0,0,0,1,0,0,0,0,1,0,0,0,0,0,0,0,0,0,1,0
Central Regional High School,0,0,0,0,1,1,1,0,1,1,0,0,0,0,0,0,0,1,0,0,0
Central Regional High School,0,0,0,0,1,0,0,0,0,1,0,0,0,0,0,0,0,0,1,0,0
Central Regional High School,0,0,0,0,1,0,0,0,0,1,0,0,0,0,1,1,1,0,0,0,0
Central Regional High School,0,0,0,0,1,1,0,0,1,1,0,0,1,0,0,0,0,0,0,0,0
Central Regional High School,0,0,1,0,0,0,0,1,1,1,0,0,1,0,1,1,1,1,0,0,0
Central Regional High School,0,0,0,0,1,1,1,0,0,1,1,0,0,0,0,1,1,1,1,0,0
Central Regional High School,0,0,0,0,1,0,0,0,0,0,0,0,0,0,0,0,0,0,0,1,0
Central Regional High School,0,0,0,0,1,0,1,1,1,1,0,0,0,0,0,0,0,0,0,1,0
Central Regional High School,1,0,1,0,1,1,1,1,1,1,0,0,0,0,0,0,0,0,1,0,0
Central Regional High School,0,0,0,0,1,1,1,1,1,1,0,0,1,0,0,0,1,0,0,0,0
Central Regional High School,0,0,0,0,1,1,1,1,0,0,0,0,1,0,0,0,0,0,1,0,0
Central Regional High School,0,0,0,0,1,1,0,0,1,1,0,0,1,0,1,1,1,1,0,0,0
Central Regional High School,1,0,1,0,1,0,0,0,1,1,0,0,1,0,1,1,1,1,1,0,0
Central Regional High School,1,0,0,0,1,1,1,1,1,1,0,0,0,0,0,0,0,0,0,1,0
Central Regional High School,0,0,0,0,1,0,1,1,0,1,0,0,1,0,0,0,1,1,0,0,0
Central Regional High School,0,0,0,0,1,1,1,1,1,1,1,0,1,0,0,0,1,1,0,0,0
Central Regional High School,1,0,0,0,1,1,1,1,1,1,0,0,0,0,1,0,0,0,0,0,0
Central Regional High School,1,0,0,0,0,1,1,0,1,1,0,0,1,0,0,0,0,0,0,0,0
Central Regional High School,1,0,0,0,1,1,1,1,1,1,0,0,0,0,0,0,0,0,0,0,0
Central Regional High School,0,0,0,0,1,0,1,1,1,0,0,0,0,0,1,1,1,0,0,0,0
Central Regional High School,0,0,0,0,1,1,1,1,1,1,0,0,0,0,0,0,0,0,0,1,0
Central Regional High School,0,0,0,0,1,0,1,1,1,1,0,0,1,0,0,1,1,1,0,0,0
Central Regional High School,1,0,0,0,1,1,1,0,1,1,0,0,0,0,0,1,1,0,0,0,0
Central Regional High School,1,0,0,0,1,1,0,0,1,1,0,0,1,0,0,0,0,0,0,0,0
Central Regional High School,0,0,0,0,1,0,0,0,0,0,0,0,1,0,0,0,0,0,0,0,0
Central Regional High School,0,0,0,0,1,1,1,1,1,1,0,0,0,0,0,1,0,1,0,0,0
Central Regional High School,0,0,0,0,1,1,1,0,0,1,0,0,0,0,0,0,0,0,0,1,0
Central Regional High School,0,0,0,0,1,0,0,0,1,1,0,0,0,0,1,0,0,0,0,0,0
Central Regional High School,0,0,0,0,0,0,0,0,0,0,0,1,1,0,1,1,1,1,0,0,0
Central Regional High School,0,0,0,0,1,1,0,0,0,1,0,0,1,0,1,0,1,0,0,0,0
Central Regional High School,1,0,1,0,1,1,1,1,1,1,0,0,1,0,0,0,1,1,0,0,0
Central Regional High School,0,0,1,0,1,1,1,1,1,1,0,0,0,0,1,1,0,1,0,0,0
Central Regional High School,0,0,0,0,1,1,0,0,1,0,0,0,0,0,1,1,0,0,0,0,0
Central Regional High School,0,0,1,0,1,1,1,1,1,1,0,0,0,0,1,0,0,0,0,0,0
Central Regional High School,0,0,0,0,1,1,1,0,1,1,0,0,1,0,0,1,1,0,0,0,0
Central Regional High School,0,0,0,0,1,1,0,0,1,1,0,0,0,0,0,0,0,0,0,1,0
Central Regional High School,0,0,1,0,1,0,1,0,0,1,0,0,1,0,0,0,1,1,0,0,0
Central Regional High School,0,0,0,0,0,0,1,0,1,0,0,0,0,0,1,1,1,0,0,0,0
Central Regional High School,0,0,0,0,1,0,1,1,0,0,0,0,1,0,0,0,1,0,0,0,0
Central Regional High School,0,0,0,0,1,0,0,0,0,0,0,0,0,0,1,1,0,0,0,0,0
Central Regional High School,0,0,0,0,1,0,0,0,0,0,0,0,0,0,0,1,0,0,0,0,0
Central Regional High School,0,0,0,0,1,0,0,0,0,0,0,0,0,0,0,1,0,0,0,0,0
Central Regional High School,0,0,0,0,1,1,1,1,1,1,0,0,1,0,1,1,1,0,0,0,0
Central Regional High School,0,0,0,0,1,0,1,0,0,0,0,0,1,0,1,1,0,1,0,0,0
Central Regional High School,0,0,0,0,1,0,1,0,1,1,0,0,1,0,0,0,0,0,0,0,0
Central Regional High School,0,0,0,0,1,0,0,0,0,1,0,0,0,0,0,1,0,0,0,0,0
Central Regional High School,0,0,0,0,1,1,1,1,1,1,0,0,1,0,1,1,1,0,0,0,0
Central Regional High School,0,0,0,1,1,0,0,0,0,1,0,0,0,0,1,1,0,0,0,0,0
Central Regional High School,0,0,0,0,1,1,0,1,1,1,0,0,0,1,1,1,1,1,0,0,0
Central Regional High School,0,0,1,0,1,1,1,1,1,1,0,0,1,1,1,0,0,1,0,0,0
Central Regional High School,0,0,0,0,1,1,1,1,0,1,0,0,1,1,0,0,0,0,0,0,0
Central Regional High School,0,1,0,0,1,1,1,1,1,1,0,0,0,0,0,0,0,0,0,1,0
"Chestatee high school, Georgia, USA",1,0,0,1,1,1,1,1,1,1,0,0,0,0,1,1,0,1,0,0,0
Clearview Regional High School,0,0,0,1,1,0,1,1,0,0,0,0,1,0,0,1,0,0,0,0,0
Clearview Regional High School,1,1,0,0,1,0,0,1,1,1,0,0,0,0,0,1,1,1,0,0,0
Clearview Regional High School,0,0,0,1,1,1,1,1,1,1,0,0,1,0,0,1,0,0,0,0,0
"De Pere, wi, us",1,0,0,1,1,1,0,1,1,1,0,0,0,0,0,0,0,0,0,1,0
"Deerfield Beach High School, Fl, USA",1,0,0,0,1,0,1,1,1,1,0,0,1,0,1,1,0,1,0,0,0
"Downey High School; Downey, CA",1,0,1,0,1,0,0,0,1,1,0,0,0,0,1,0,0,0,0,0,0
Egg Harbor Township High School,1,0,0,1,1,1,1,1,1,1,1,0,1,0,0,0,1,0,1,0,0
Egg Harbor Township High School,1,0,1,0,1,0,0,0,1,1,0,0,1,0,0,0,0,1,0,0,0
"EHS Frank J. Cicarell Academy, Elizabeth, NJ, USA",1,0,1,0,1,1,1,0,1,1,0,0,1,0,0,0,0,0,0,0,0
"Fonda Fultonville High School, New York U.S.",1,0,0,1,1,1,1,0,1,1,0,0,0,0,1,1,0,0,0,0,0
"Fridley High School — Fridley, MN",1,0,0,1,1,1,1,0,0,1,0,0,0,0,0,0,0,1,0,0,0
Gloucester County Institute of Technology,0,0,0,1,1,0,1,0,1,1,0,0,0,0,1,1,0,1,0,0,0
Gloucester County Institute of Technology,1,0,1,0,1,1,1,1,1,1,0,0,0,0,1,1,0,1,0,0,0
Gloucester County Institute of Technology,1,0,1,0,1,0,1,0,0,1,0,0,1,0,0,0,1,0,0,0,0
"Greater Johnstown High School, Johnstown Pennsylvania",1,0,0,0,1,0,1,0,1,1,0,0,0,0,1,0,0,1,0,0,0
"Harvard University (Pittsburgh, PA)",0,0,0,0,1,1,1,1,1,0,1,0,0,0,0,1,1,0,1,0,0
Home School,0,0,0,0,1,1,1,1,0,1,0,0,1,0,0,0,1,1,0,0,0
Home School,1,0,1,0,1,1,1,0,1,1,0,0,1,0,0,1,1,0,0,0,0
Hunterdon Central Regional High School,1,0,0,1,1,0,1,1,1,1,0,0,1,0,0,0,0,0,0,0,0
Jackson Liberty High School,1,0,0,0,1,0,0,0,0,0,0,0,1,0,0,0,0,0,0,0,0
Jackson Liberty High School,0,0,0,0,1,1,1,1,1,1,0,0,1,0,0,1,0,1,0,0,0
Jackson Liberty High School,0,0,0,0,1,0,0,0,1,1,0,0,1,1,0,0,0,1,0,0,0
Jackson Liberty High School,1,0,0,1,1,1,1,0,1,1,0,0,0,0,1,1,1,0,0,0,0
Jackson Liberty High School,0,0,0,0,1,1,1,1,1,1,0,0,0,0,0,0,0,1,0,0,0
Jackson Liberty High School,0,0,0,0,1,1,1,0,1,1,0,0,0,1,0,1,0,1,0,0,0
Jackson Liberty High School,0,0,0,0,1,1,1,1,1,1,1,1,1,1,1,1,1,1,1,1,0
Jackson Liberty High School,0,1,0,0,1,1,1,0,1,0,0,0,0,0,1,1,0,1,0,0,0
Jackson Liberty High School,0,0,0,0,1,1,1,0,1,1,0,0,0,0,1,0,0,0,0,0,0
Jackson Liberty High School,0,0,1,0,1,1,1,1,1,1,0,0,0,0,1,0,1,1,0,0,0
Jackson Memorial High School,0,0,0,1,1,1,1,0,0,1,0,0,0,0,0,1,0,0,0,0,0
Jackson Memorial High School,0,0,0,0,1,1,1,0,1,1,0,0,1,0,0,0,1,0,0,0,0
Jackson Memorial High School,0,0,0,1,1,0,0,0,1,1,0,0,0,0,0,0,0,0,0,0,0
Jackson Memorial High School,0,0,0,0,1,0,1,1,1,0,0,0,1,0,1,0,1,1,0,0,0
Jackson Memorial High School,0,0,1,0,1,1,1,1,1,1,1,0,1,0,1,1,1,1,1,0,0
Jackson Memorial High School,0,0,1,0,1,1,1,1,0,1,0,0,1,0,0,0,0,1,0,0,0
Jay M. Robinson; NC/USA,1,1,0,0,1,1,1,1,0,1,0,0,0,0,0,1,0,1,0,0,0
La Quinta High School (CA/USA),1,0,1,0,1,1,1,1,1,1,0,0,1,0,0,0,0,0,0,0,0
Lacey Township High School,0,0,1,0,1,1,1,1,1,0,0,0,1,0,1,1,1,0,0,0,0
Lacey Township High School,0,1,0,0,0,0,0,0,0,0,1,0,0,0,0,0,0,0,1,0,0
Lacey Township High School,0,1,0,0,1,0,1,1,1,1,0,0,0,0,0,1,0,0,0,1,0
Lacey Township High School,1,1,0,0,1,1,1,1,1,1,0,0,0,0,0,0,0,0,0,1,0
Lacey Township High School,0,0,0,0,1,0,1,1,0,1,0,0,1,1,1,1,0,0,0,0,0
Lacey Township High School,0,0,0,0,1,0,1,0,1,1,0,0,0,0,0,0,0,0,0,1,0
Lacey Township High School,0,0,0,0,1,1,1,1,1,0,0,0,0,0,0,0,0,0,0,1,0
Lacey Township High School,1,0,0,0,1,1,1,1,1,1,0,0,0,0,0,1,1,0,0,0,0
Lacey Township High School,0,0,0,0,1,0,1,1,0,0,0,0,1,0,1,0,1,0,0,0,0
Lacey Township High School,0,0,0,1,1,0,1,0,0,0,0,0,0,0,0,0,0,0,0,1,0
Lacey Township High School,0,0,1,0,1,1,1,1,1,1,0,0,1,0,1,1,0,1,0,0,0
Lakewood High School,0,1,0,0,0,1,1,0,0,1,0,0,0,0,1,0,0,0,1,0,0
Lakewood High School,0,0,0,0,1,1,1,1,1,1,0,0,0,0,0,0,0,0,0,1,0
Lakewood High School,0,0,0,1,1,1,1,0,1,1,0,0,1,0,1,1,0,1,0,0,0
Lakewood High School,0,1,0,0,1,0,0,0,1,0,0,0,0,0,0,1,0,1,0,0,0
Lakewood High School,0,0,0,0,1,1,1,1,0,1,0,0,0,0,0,0,0,0,0,1,0
Lakewood High School,0,0,0,0,1,0,0,0,1,1,1,0,0,0,0,0,0,0,1,0,0
Lakewood High School,0,0,0,0,0,1,1,1,0,1,0,0,0,1,1,1,0,1,0,0,0
Lakewood High School,0,1,0,0,1,1,1,0,0,1,0,0,0,0,0,1,0,0,0,0,0
Lakewood High School,0,1,0,0,1,0,1,0,1,1,0,0,1,0,0,1,0,1,0,0,0
Lakewood High School,0,0,0,0,1,1,0,0,1,0,1,0,0,0,1,0,0,0,0,0,0
Liberty U,0,0,0,0,0,0,0,1,0,0,0,0,0,0,1,0,0,0,0,0,0
Livingston High School,1,1,0,0,1,1,1,1,1,1,0,0,1,0,0,0,0,0,0,0,0
Livingston High School,1,1,0,0,1,1,1,0,1,1,0,0,1,0,0,0,0,1,0,0,0
Manchester Township High School,0,0,0,0,1,0,0,0,0,1,0,0,0,0,0,0,1,1,0,0,0
Manchester Township High School,0,0,0,0,1,1,1,1,1,1,0,0,1,1,1,1,1,1,1,0,0
Manchester Township High School,0,0,0,0,1,1,0,0,1,0,0,0,0,0,0,1,0,0,0,0,0
Manchester Township High School,1,0,0,0,0,0,0,0,0,0,1,0,1,0,0,1,1,0,0,0,0
Manchester Township High School,0,0,0,1,1,0,0,0,1,1,0,0,0,0,1,1,0,0,0,0,0
Manchester Township High School,0,0,0,0,1,1,1,1,1,1,0,0,0,0,1,1,0,0,0,0,0
Manchester Township High School,1,1,0,0,1,0,0,1,0,1,0,0,1,0,1,1,1,0,0,0,0
Manchester Township High School,0,1,0,0,0,0,0,1,0,0,0,0,1,0,1,1,1,1,0,0,0
Manchester Township High School,0,0,0,0,1,0,0,1,1,1,0,0,0,0,1,1,0,0,0,0,0
Manchester Township High School,1,0,1,0,1,0,1,0,1,1,0,0,0,0,0,0,1,0,0,0,0
Manchester Township High School,0,0,0,0,1,1,1,1,1,1,0,0,1,0,1,1,1,0,0,0,0
Manchester Township High School,0,0,0,0,0,0,0,0,0,0,0,1,1,1,1,1,1,1,1,0,0
Marine Academy of Science and Technology,1,1,0,0,1,1,0,0,1,1,0,0,1,0,0,0,0,1,0,0,1
Marine Academy of Science and Technology,0,0,1,0,0,0,0,0,0,0,1,0,0,0,0,0,0,0,1,0,1
Marine Academy of Science and Technology,0,0,1,0,1,0,1,1,1,0,0,0,1,0,1,0,1,0,1,0,1
Marine Academy of Science and Technology,1,1,0,0,0,1,1,1,0,1,0,0,1,0,1,1,1,0,0,0,1
Marine Academy of Science and Technology,1,0,1,0,1,1,1,1,1,1,1,0,0,0,0,1,1,0,0,0,1
Marine Academy of Science and Technology,1,0,0,1,1,1,1,0,1,0,0,0,1,0,0,1,0,1,0,0,1
Marine Academy of Science and Technology,1,0,0,1,1,1,1,1,1,1,1,0,1,0,0,1,1,1,1,0,1
Marine Academy of Science and Technology,1,0,0,1,1,0,0,1,0,1,0,0,0,0,0,0,0,1,0,0,1
Marine Academy of Science and Technology,0,0,0,1,1,0,0,1,1,0,0,0,1,0,0,1,0,0,0,0,1
Marine Academy of Science and Technology,1,0,0,1,1,0,1,1,1,1,0,0,1,0,0,0,0,0,0,0,1
Marine Academy of Science and Technology,0,0,1,0,1,0,1,1,0,0,0,0,1,0,0,0,0,1,0,0,1
Marine Academy of Science and Technology,1,0,1,0,1,1,0,1,0,0,0,0,1,0,1,0,0,0,0,0,1
Marine Academy of Science and Technology,0,1,0,0,1,0,0,1,0,1,0,0,1,0,0,0,0,0,0,0,1
Marine Academy of Science and Technology,1,0,1,0,1,0,0,0,1,1,0,0,1,0,1,0,0,1,0,0,1
Marine Academy of Science and Technology,0,0,1,0,0,1,1,1,0,0,0,0,1,0,0,1,0,0,0,0,1
Marine Academy of Science and Technology,0,0,0,0,1,0,1,1,1,1,0,0,0,0,0,1,1,0,0,0,1
Marine Academy of Science and Technology,1,0,1,0,1,0,1,1,0,1,0,0,0,0,0,1,1,0,0,0,1
Marine Academy of Science and Technology,0,0,0,0,1,0,1,0,0,0,0,0,0,0,0,1,0,0,0,0,1
Marine Academy of Science and Technology,1,0,1,0,1,0,1,1,0,1,0,0,0,0,0,0,0,1,0,0,1
Marine Academy of Science and Technology,1,0,0,0,1,0,0,1,1,1,0,0,0,0,0,1,0,0,0,0,1
Marine Academy of Science and Technology,1,0,0,0,1,0,0,0,0,1,0,0,0,0,0,1,0,0,0,0,1
Marine Academy of Science and Technology,0,0,1,0,1,0,1,1,1,0,0,0,0,0,1,1,0,0,0,0,1
Marine Academy of Science and Technology,0,0,1,0,1,0,0,1,0,0,0,0,0,0,0,1,1,0,0,0,1
Marine Academy of Science and Technology,1,0,0,0,1,0,1,1,0,1,0,0,0,0,0,1,1,1,0,0,1
Marine Academy of Science and Technology,0,0,1,0,1,0,1,1,0,1,0,0,0,0,0,1,0,0,0,0,1
Marine Academy of Science and Technology,1,0,1,0,1,0,1,1,1,1,0,0,0,0,0,0,0,0,0,0,1
Marine Academy of Science and Technology,0,0,1,0,1,0,0,1,1,1,0,0,0,0,0,0,0,0,0,0,1
Marine Academy of Science and Technology,1,0,0,0,1,0,1,1,1,1,0,0,0,0,1,1,0,0,0,0,1
Marine Academy of Science and Technology,0,1,0,0,1,0,1,1,0,0,0,0,0,0,0,0,1,0,0,0,1
Marine Academy of Science and Technology,0,1,0,0,1,0,1,1,1,1,0,0,0,0,0,1,1,1,0,0,1
Marine Academy of Science and Technology,1,0,0,0,1,0,0,0,1,1,0,0,0,0,0,0,0,0,0,1,1
Marine Academy of Science and Technology,1,0,0,0,1,0,0,0,1,1,0,0,0,0,0,0,0,0,0,1,1
Marine Academy of Science and Technology,1,0,1,0,0,0,0,1,1,1,0,0,0,0,0,0,1,0,0,0,1
Marine Academy of Science and Technology,1,0,0,0,1,0,1,1,1,1,1,0,0,0,0,0,0,0,0,0,1
Marine Academy of Science and Technology,0,0,1,0,1,0,1,1,1,1,0,0,0,0,1,1,1,1,0,0,1
Marine Academy of Science and Technology,0,0,1,0,1,0,1,1,1,1,0,0,0,0,0,0,0,1,0,0,1
Marine Academy of Science and Technology,1,0,1,0,1,0,0,1,0,0,1,0,0,0,0,0,1,1,1,0,1
Marine Academy of Science and Technology,1,0,0,0,1,0,1,1,0,0,0,0,0,0,0,0,1,1,0,0,1
Marine Academy of Science and Technology,0,0,1,0,1,0,0,0,1,1,0,0,0,0,0,0,0,1,0,0,1
Marine Academy of Science and Technology,1,0,0,0,1,0,0,1,0,0,0,0,0,0,0,0,0,1,0,0,1
Marine Academy of Science and Technology,0,0,0,0,0,0,0,0,0,0,0,1,0,0,0,0,0,1,0,0,1
Marine Academy of Science and Technology,1,0,1,0,0,0,1,1,1,0,0,0,0,0,0,1,1,1,0,0,1
Marine Academy of Science and Technology,1,0,0,0,1,0,1,1,1,1,0,0,0,0,0,0,1,1,0,0,1
Marine Academy of Science and Technology,0,0,1,0,1,0,1,1,1,1,0,0,0,0,0,0,0,1,0,0,1
Marine Academy of Science and Technology,1,0,1,0,1,0,1,1,0,1,0,0,0,0,0,1,1,0,0,0,1
Marine Academy of Science and Technology,0,0,0,0,1,0,0,1,1,1,0,0,0,0,0,0,1,0,0,0,1
Marine Academy of Science and Technology,0,0,1,0,1,0,0,1,0,1,1,0,0,0,0,0,0,1,0,0,1
Marine Academy of Science and Technology,0,0,1,0,1,0,1,1,1,0,0,0,0,0,0,0,0,0,0,0,1
Marine Academy of Science and Technology,0,0,0,0,1,0,1,1,1,1,0,0,0,0,0,0,1,1,0,0,1
Marine Academy of Science and Technology,0,0,1,0,1,0,0,1,0,0,0,0,0,0,1,1,0,0,1,0,1
Marine Academy of Science and Technology,1,0,0,0,1,0,1,1,0,1,0,0,0,0,0,0,0,0,0,1,1
Marine Academy of Science and Technology,0,0,0,0,0,0,1,1,0,0,0,0,0,0,0,0,0,1,0,0,1
Marine Academy of Science and Technology,1,0,1,0,1,0,0,0,1,1,0,0,0,0,0,0,0,0,0,0,1
Marine Academy of Science and Technology,1,0,0,0,1,0,1,0,1,1,0,0,0,0,0,0,0,0,0,1,1
Marine Academy of Science and Technology,1,0,1,0,0,0,1,1,0,1,0,0,0,0,1,1,1,1,0,0,1
Marine Academy of Science and Technology,1,0,1,0,1,0,1,1,0,0,0,0,0,0,0,0,0,1,0,0,1
Marine Academy of Science and Technology,0,0,0,0,1,0,1,1,0,1,0,0,0,0,0,1,0,1,0,0,1
Marine Academy of Science and Technology,0,0,0,0,1,0,1,1,1,1,1,0,0,0,0,0,0,0,0,0,1
Marine Academy of Science and Technology,0,0,0,0,1,1,0,1,1,0,0,0,0,0,0,1,0,1,0,0,1
Marine Academy of Science and Technology,1,0,1,0,1,0,1,1,0,0,0,0,1,0,1,1,1,1,0,0,1
Marine Academy of Science and Technology,1,0,0,0,1,0,0,1,1,0,1,0,1,0,0,0,0,0,0,0,1
Marine Academy of Science and Technology,0,0,1,0,1,0,1,1,1,1,0,0,1,0,0,1,0,1,0,0,1
Marine Academy of Science and Technology,1,0,0,0,1,0,0,1,0,1,0,0,1,0,0,1,1,1,0,0,1
Marine Academy of Science and Technology,1,0,0,0,0,1,1,1,0,1,0,0,0,0,0,1,1,0,0,0,1
Marine Academy of Science and Technology,0,0,1,0,1,0,1,1,0,0,0,0,1,0,0,0,0,0,0,0,1
Marine Academy of Science and Technology,0,0,1,0,1,0,1,1,1,1,0,0,1,0,0,0,0,1,0,0,1
Marine Academy of Science and Technology,0,0,0,0,1,0,1,1,1,1,0,0,0,0,0,1,0,1,0,0,1
Marine Academy of Science and Technology,1,0,1,0,1,1,1,1,1,0,0,0,1,0,0,0,0,0,0,0,1
Marine Academy of Science and Technology,1,0,1,0,1,0,1,0,0,0,0,0,1,0,0,0,0,1,0,0,1
Marine Academy of Science and Technology,1,0,0,0,1,1,1,1,0,0,0,0,0,0,0,1,1,1,0,0,1
Marine Academy of Science and Technology,1,0,0,0,1,1,1,1,1,1,0,0,0,0,0,0,0,1,0,0,1
Marine Academy of Science and Technology,1,0,1,0,1,0,1,0,1,0,0,0,0,0,0,0,0,0,0,0,1
Marine Academy of Science and Technology,1,0,0,0,0,0,0,0,0,1,0,0,0,0,0,0,0,1,0,0,1
Marine Academy of Science and Technology,1,0,1,0,1,0,0,1,1,1,0,0,0,0,0,0,0,1,0,0,1
Marine Academy of Science and Technology,1,0,0,0,1,1,1,1,1,0,0,0,1,0,0,0,1,1,0,0,1
Marine Academy of Science and Technology,0,0,0,0,1,1,0,1,1,0,1,0,1,0,0,0,1,1,1,0,1
Marine Academy of Science and Technology,0,0,0,0,1,0,0,1,0,0,0,0,1,0,0,0,1,1,0,0,1
Marine Academy of Science and Technology,0,0,0,0,1,0,0,1,0,0,1,0,1,0,0,0,0,0,0,0,1
Marine Academy of Science and Technology,1,0,0,0,1,1,1,1,1,1,1,0,1,0,0,0,0,0,0,0,1
Marine Academy of Science and Technology,1,0,0,0,1,0,1,0,1,1,0,0,0,0,0,1,0,0,0,0,1
Marine Academy of Science and Technology,0,0,1,0,1,1,1,1,1,1,0,0,1,0,0,1,0,0,0,0,1
Marine Academy of Science and Technology,1,0,1,0,1,0,1,0,0,0,0,0,0,0,0,0,1,0,0,0,1
Marine Academy of Science and Technology,0,0,0,0,1,0,1,0,1,1,0,0,0,0,0,0,0,1,0,0,1
Marine Academy of Science and Technology,1,0,0,0,1,0,0,1,1,1,0,0,0,0,0,1,1,0,0,0,1
Marine Academy of Science and Technology,0,0,0,0,1,1,1,1,1,1,0,0,1,0,0,1,1,1,0,0,1
Marine Academy of Science and Technology,0,0,0,0,1,0,0,1,0,1,0,0,1,0,0,1,0,1,0,0,1
Marine Academy of Science and Technology,1,0,0,0,1,0,0,1,0,1,0,0,1,0,0,1,0,1,0,0,1
Marine Academy of Science and Technology,1,0,1,0,1,1,1,1,0,0,0,0,0,0,0,0,0,1,0,0,1
Marine Academy of Science and Technology,0,0,0,0,1,0,0,1,1,1,0,0,1,0,0,0,1,0,0,0,1
Marine Academy of Science and Technology,1,0,1,0,1,1,1,1,1,1,0,0,1,0,0,1,1,1,0,0,1
Marine Academy of Science and Technology,0,0,0,0,1,0,1,1,0,1,0,0,1,0,0,1,1,0,0,0,1
Marine Academy of Science and Technology,0,1,0,0,1,0,1,1,1,0,0,0,1,0,1,1,1,0,0,0,1
Marine Academy of Science and Technology,0,1,0,0,0,0,1,0,0,1,0,0,1,0,1,1,1,1,0,0,1
Marine Academy of Science and Technology,0,1,0,0,1,1,1,1,0,1,0,0,1,0,1,1,1,1,0,0,1
Marine Academy of Science and Technology,1,0,1,0,1,0,1,1,0,0,0,0,0,0,0,0,0,0,0,1,1
Marine Academy of Science and Technology,1,0,0,1,1,1,1,1,0,0,0,0,1,0,0,1,0,1,0,0,1
Marine Academy of Science and Technology,1,0,1,0,1,0,1,1,1,1,0,0,0,0,0,0,0,0,0,1,1
Marine Academy of Science and Technology,1,0,0,1,1,1,1,1,0,0,0,0,1,0,0,1,0,0,0,0,1
Marine Academy of Science and Technology,0,0,1,0,1,1,1,1,1,1,0,0,1,0,0,0,0,0,0,0,1
Marine Academy of Science and Technology,0,0,1,0,1,0,1,1,1,0,0,0,1,0,0,1,1,1,0,0,1
Marine Academy of Science and Technology,0,0,0,1,1,0,0,0,0,0,0,0,1,0,0,0,0,0,0,0,1
Marine Academy of Science and Technology,0,0,0,1,1,0,1,1,1,1,0,0,0,0,0,0,0,0,0,1,1
Marine Academy of Science and Technology,1,0,1,0,1,0,0,1,0,1,0,0,0,0,0,1,0,1,0,0,1
Marine Academy of Science and Technology,0,1,0,0,1,0,1,1,1,1,0,0,0,0,1,1,0,1,0,0,1
Marine Academy of Science and Technology,0,1,0,0,1,0,0,1,0,0,0,0,0,0,1,1,1,1,1,0,1
Marine Academy of Science and Technology,0,1,0,0,0,0,1,1,0,0,0,0,0,0,0,1,1,0,0,0,1
Marine Academy of Science and Technology,1,0,1,0,1,0,0,1,0,0,0,0,0,0,1,1,0,0,0,0,1
Marine Academy of Science and Technology,0,0,0,0,1,0,1,0,1,1,0,0,0,0,0,0,1,1,0,0,1
Marine Academy of Science and Technology,1,0,1,0,0,0,1,1,0,1,0,1,0,0,0,1,0,0,0,0,1
Marine Academy of Science and Technology,1,0,1,0,1,0,0,0,0,0,0,0,0,0,0,0,0,0,0,0,1
Marine Academy of Science and Technology,1,0,0,0,1,0,0,1,0,1,0,0,0,0,0,1,1,1,0,0,1
Marine Academy of Science and Technology,1,1,0,0,1,0,1,0,1,0,0,0,0,0,0,1,0,0,0,0,1
Marine Academy of Science and Technology,1,0,1,0,1,0,0,1,0,0,0,0,0,0,0,1,1,1,0,0,1
Marine Academy of Science and Technology,1,0,0,0,0,0,0,1,0,0,0,0,0,0,0,0,0,0,0,0,1
Marine Academy of Science and Technology,0,1,0,0,0,0,0,1,0,0,0,0,0,0,1,1,0,1,0,0,1
Marine Academy of Science and Technology,1,0,0,0,1,0,1,1,0,1,0,0,0,0,0,0,0,1,0,0,1
Marine Academy of Science and Technology,0,1,0,0,1,0,1,1,0,0,0,0,0,0,1,1,1,1,0,0,1
Marine Academy of Science and Technology,0,0,0,0,0,0,1,1,0,0,0,0,0,0,0,1,1,1,0,0,1
Marine Academy of Science and Technology,1,0,1,0,1,0,0,0,1,1,0,0,0,0,1,0,0,1,0,0,1
Marine Academy of Science and Technology,1,0,1,0,1,0,1,1,1,1,0,0,0,0,0,0,0,0,0,1,1
Marine Academy of Science and Technology,0,0,0,0,1,0,1,1,0,1,0,0,0,0,0,0,0,0,0,1,1
Marine Academy of Science and Technology,1,0,0,0,1,0,1,1,1,1,0,0,0,0,0,0,0,1,0,0,1
Marine Academy of Science and Technology,0,0,0,0,1,0,1,1,1,1,0,0,0,0,0,1,0,0,0,0,1
Marine Academy of Science and Technology,0,1,0,0,1,0,0,1,0,0,0,0,0,0,0,0,1,1,0,0,1
Marine Academy of Science and Technology,1,0,0,0,1,0,0,1,0,1,0,0,0,0,0,1,0,0,0,0,1
Marine Academy of Science and Technology,1,0,1,0,1,0,0,0,0,1,0,0,0,0,0,0,0,1,0,0,1
Marine Academy of Science and Technology,1,0,0,0,1,0,1,1,1,1,0,0,0,0,0,0,0,0,0,1,1
Marine Academy of Science and Technology,1,0,0,0,1,0,0,1,1,1,0,0,0,0,0,1,0,0,0,0,1
Marine Academy of Science and Technology,1,0,0,0,1,0,1,1,0,0,0,0,0,0,1,1,0,0,0,0,1
Marine Academy of Science and Technology,1,0,1,0,1,0,1,1,0,1,0,0,0,0,0,0,0,0,0,0,1
Marine Academy of Science and Technology,1,0,0,0,1,0,1,1,1,1,0,0,0,0,0,0,0,0,0,1,1
Marine Academy of Science and Technology,0,0,1,0,1,0,0,1,0,0,0,0,0,0,0,0,0,1,0,0,1
Marine Academy of Science and Technology,1,0,1,0,1,0,1,1,1,1,0,0,0,0,0,0,0,0,0,0,1
Marine Academy of Science and Technology,0,0,1,0,1,0,1,1,0,0,0,0,0,0,0,1,1,0,0,0,1
Marine Academy of Science and Technology,1,0,0,0,1,0,1,1,1,1,0,0,0,0,0,0,1,0,0,0,1
Marine Academy of Science and Technology,1,0,0,0,1,0,1,1,1,1,1,0,0,0,0,1,1,0,0,0,1
Marine Academy of Science and Technology,1,0,1,0,1,0,1,1,0,0,0,0,0,0,1,0,1,0,0,0,1
Marine Academy of Science and Technology,1,0,0,0,1,0,1,1,1,1,1,0,0,0,0,1,0,0,0,0,1
Marine Academy of Science and Technology,0,0,0,0,1,0,1,1,0,0,0,0,0,0,0,0,0,1,0,0,1
Marine Academy of Science and Technology,1,0,1,0,1,0,1,1,0,0,0,0,0,0,0,0,0,0,1,0,1
Marine Academy of Science and Technology,0,0,1,0,1,0,0,0,0,0,1,0,0,0,0,0,0,1,0,0,1
Marine Academy of Science and Technology,0,0,1,0,1,0,1,1,1,1,0,0,0,0,0,0,0,0,0,0,1
Marine Academy of Science and Technology,1,0,1,0,1,0,1,1,1,1,1,0,0,0,1,1,1,1,0,0,1
Marine Academy of Science and Technology,1,0,1,0,1,0,1,1,1,1,0,0,0,0,0,0,1,1,0,0,1
Marine Academy of Science and Technology,1,1,0,0,1,0,1,1,1,1,0,0,0,0,0,1,1,1,0,0,1
Marine Academy of Science and Technology,1,0,0,0,1,0,1,1,1,1,0,0,0,0,0,0,0,1,0,0,1
Marine Academy of Science and Technology,0,0,1,0,1,0,1,1,1,0,0,0,0,0,0,0,1,1,0,0,1
Marine Academy of Science and Technology,0,0,1,0,0,0,1,1,0,1,0,0,0,0,0,0,1,1,0,0,1
Marine Academy of Science and Technology,1,0,0,0,1,0,1,1,0,1,0,0,0,0,0,0,0,1,0,0,1
Marine Academy of Science and Technology,1,0,1,0,1,0,0,1,1,1,1,0,0,0,0,1,0,1,0,0,1
Marine Academy of Science and Technology,1,0,0,0,1,0,1,1,0,0,0,0,0,0,1,0,0,1,0,0,1
Marine Academy of Science and Technology,1,0,0,0,1,0,0,1,1,1,0,0,0,0,0,0,1,1,0,0,1
Marine Academy of Science and Technology,0,0,0,0,1,0,1,1,1,1,0,0,0,0,0,0,1,1,0,0,1
Marine Academy of Science and Technology,0,0,0,0,0,0,1,1,1,0,0,0,0,0,0,0,0,1,0,0,1
Marine Academy of Science and Technology,1,0,1,0,1,0,1,1,1,1,0,0,0,0,0,1,0,1,0,0,1
Marine Academy of Science and Technology,1,0,0,0,0,0,1,1,0,1,0,0,0,0,0,1,0,1,0,0,1
Marine Academy of Science and Technology,1,0,1,0,1,0,1,1,0,0,0,0,0,0,1,1,1,1,0,0,1
Marine Academy of Science and Technology,1,0,0,0,1,0,0,0,0,1,0,0,0,0,0,0,0,0,0,1,1
Marine Academy of Science and Technology,0,0,1,0,1,0,1,1,0,1,0,0,0,0,0,0,1,0,0,0,1
Marine Academy of Science and Technology,1,0,0,0,1,0,1,1,1,1,0,0,0,0,0,0,0,0,0,1,1
Marine Academy of Science and Technology,1,0,0,0,1,0,1,1,1,1,0,0,0,0,0,1,0,0,0,0,1
Marine Academy of Science and Technology,0,0,1,0,1,0,1,0,0,0,0,0,0,0,0,0,0,1,0,0,1
Marine Academy of Science and Technology,1,0,1,0,1,0,1,1,1,1,0,0,0,0,0,1,0,0,0,0,1
Marine Academy of Science and Technology,1,0,0,0,1,0,0,1,0,0,0,0,0,0,0,0,0,1,0,0,1
Marine Academy of Science and Technology,0,0,1,0,1,0,1,1,1,1,0,0,0,0,0,0,1,0,0,0,1
Marine Academy of Science and Technology,1,0,1,0,1,0,1,1,1,1,0,0,0,0,1,1,0,1,0,0,1
Marine Academy of Science and Technology,1,0,1,0,1,0,1,1,0,1,0,0,0,0,0,0,1,1,0,0,1
Marine Academy of Science and Technology,0,0,0,0,1,0,0,1,0,1,0,0,0,0,0,1,0,1,0,0,1
Marine Academy of Science and Technology,1,0,0,0,1,0,1,1,1,1,0,0,0,0,0,1,1,1,0,0,1
Marine Academy of Science and Technology,1,0,1,0,1,0,1,1,1,1,0,0,0,0,0,0,0,1,0,0,1
Marine Academy of Science and Technology,1,0,1,0,1,0,1,1,1,1,0,0,0,0,0,0,0,1,0,0,1
Marine Academy of Science and Technology,0,0,0,0,0,0,1,1,0,1,0,0,0,0,0,1,0,1,1,0,1
Marine Academy of Science and Technology,1,0,1,0,1,0,1,1,1,1,0,0,0,0,0,1,0,0,0,0,1
Marine Academy of Science and Technology,0,0,1,0,1,0,1,1,1,1,0,0,0,0,0,1,0,0,0,0,1
Marine Academy of Science and Technology,1,0,1,0,1,0,1,1,1,1,1,0,0,0,0,1,0,0,0,0,1
Marine Academy of Science and Technology,0,0,1,0,0,1,1,1,0,0,0,0,0,0,0,1,0,1,0,0,1
Marine Academy of Science and Technology,1,0,1,0,1,1,1,1,1,0,0,0,0,0,0,0,0,1,0,0,1
Marine Academy of Science and Technology,0,0,0,0,1,0,0,0,0,0,0,0,0,0,0,1,1,1,0,0,1
Marine Academy of Science and Technology,1,0,0,0,1,0,0,1,1,1,0,0,0,0,0,0,1,0,0,0,1
Marine Academy of Science and Technology,0,0,1,0,1,0,1,0,1,1,0,0,0,0,0,0,0,0,0,1,1
Marine Academy of Science and Technology,0,0,1,0,1,0,1,0,0,1,0,0,0,0,1,1,0,1,0,0,1
Marine Academy of Science and Technology,1,0,0,0,1,0,0,0,0,1,0,0,0,0,0,0,0,1,0,0,1
Marine Academy of Science and Technology,1,0,1,0,1,1,1,1,1,1,0,0,0,0,1,1,0,0,0,0,1
Marine Academy of Science and Technology,1,0,0,0,1,0,1,1,0,1,0,0,1,0,0,1,1,1,0,0,1
Marine Academy of Science and Technology,1,0,0,0,1,0,1,0,0,1,0,0,0,0,0,0,0,1,0,0,1
Marine Academy of Science and Technology,1,0,0,0,1,0,1,1,1,1,0,0,1,0,1,0,0,1,0,0,1
Marine Academy of Science and Technology,0,0,0,0,1,1,1,1,1,1,0,0,0,0,0,1,1,1,0,0,1
Marine Academy of Science and Technology,1,0,1,0,1,1,1,1,1,1,0,0,0,0,0,0,0,1,0,0,1
Marine Academy of Science and Technology,1,0,1,0,1,1,1,1,1,1,0,0,0,0,0,0,0,1,0,0,1
Marine Academy of Science and Technology,0,0,0,0,1,1,1,1,1,1,0,0,0,0,0,0,0,1,0,0,1
Marine Academy of Science and Technology,1,0,1,0,1,1,1,1,1,1,0,0,1,0,1,1,1,1,0,0,1
Marine Academy of Science and Technology,1,0,1,0,1,1,1,0,0,0,0,0,0,0,0,1,1,1,0,0,1
Marine Academy of Science and Technology,0,0,1,0,1,0,0,0,0,0,0,0,0,0,0,0,0,1,1,0,1
Marine Academy of Science and Technology,1,0,1,0,1,0,1,1,1,1,0,0,1,0,0,1,0,1,0,0,1
Marine Academy of Science and Technology,1,0,0,0,0,1,1,1,1,0,0,0,1,0,1,1,1,1,0,0,1
Marine Academy of Science and Technology,1,0,0,0,1,0,1,1,1,0,0,0,1,0,0,1,1,0,0,0,1
Marine Academy of Science and Technology,1,0,1,0,1,0,1,0,1,0,0,0,1,0,0,0,1,0,0,0,1
Marine Academy of Science and Technology,1,0,1,0,1,0,1,0,0,0,0,0,1,0,1,1,1,1,0,0,1
Marine Academy of Science and Technology,1,0,1,0,1,0,0,1,1,0,0,0,1,0,0,0,0,0,0,0,1
Marine Academy of Science and Technology,1,0,1,0,1,0,1,1,0,1,0,0,1,0,0,0,0,1,0,0,1
Marine Academy of Science and Technology,0,0,1,0,1,0,0,0,0,1,0,0,0,0,0,0,0,1,0,0,1
Marine Academy of Science and Technology,1,0,0,0,1,1,1,1,1,1,0,0,0,0,0,1,0,0,0,0,1
Marine Academy of Science and Technology,0,0,1,0,1,0,0,1,0,0,1,0,1,0,0,1,0,1,1,0,1
Marine Academy of Science and Technology,1,0,1,0,1,0,1,1,0,1,0,0,1,0,0,0,0,1,0,0,1
Marine Academy of Science and Technology,0,0,0,0,1,1,1,1,1,1,0,0,0,0,1,1,1,0,0,0,1
Marine Academy of Science and Technology,1,0,0,0,1,0,1,1,0,1,0,0,0,0,0,0,0,0,0,1,1
Marine Academy of Science and Technology,1,0,1,0,1,0,1,1,0,1,1,0,1,0,0,0,1,1,0,0,1
Marine Academy of Science and Technology,1,0,0,0,1,0,1,0,1,1,0,0,0,0,0,0,0,1,0,0,1
Marine Academy of Science and Technology,1,0,1,0,1,1,1,0,1,1,0,0,0,0,1,0,0,0,0,0,1
Marine Academy of Science and Technology,1,0,1,0,1,0,1,1,0,1,0,0,0,0,1,1,0,1,0,0,1
Marine Academy of Science and Technology,0,0,1,0,0,0,1,1,0,1,0,0,1,0,0,1,1,1,0,0,1
Marine Academy of Science and Technology,1,0,0,0,1,0,0,1,0,1,0,0,1,0,0,0,0,1,0,0,1
Marine Academy of Science and Technology,0,0,1,0,1,1,1,1,1,1,0,0,1,0,0,1,0,1,0,0,1
Marine Academy of Science and Technology,0,0,0,0,1,0,0,1,0,0,0,0,1,0,0,0,1,1,0,0,1
Marine Academy of Science and Technology,1,0,0,0,1,1,1,1,1,1,0,0,1,0,0,0,0,1,0,0,1
Marine Academy of Science and Technology,1,0,1,0,1,1,1,1,1,1,0,0,1,0,0,0,0,1,0,0,1
Marine Academy of Science and Technology,1,0,0,0,1,0,1,1,0,1,0,0,1,0,0,1,1,1,0,0,1
Marine Academy of Science and Technology,0,0,0,0,1,0,0,1,0,1,0,0,1,0,0,1,0,0,0,0,1
Marine Academy of Science and Technology,1,0,0,0,1,1,0,1,1,1,0,0,1,0,1,1,0,1,0,0,1
Marine Academy of Science and Technology,0,0,0,0,0,1,1,1,0,0,0,0,0,0,0,1,1,0,0,0,1
Marine Academy of Science and Technology,0,0,0,0,1,1,1,0,0,0,0,0,0,0,0,1,1,0,0,0,1
Marine Academy of Science and Technology,0,0,0,0,1,1,1,1,1,1,0,0,0,0,0,0,0,0,0,1,1
Marine Academy of Science and Technology,0,0,0,0,1,1,1,1,1,1,0,0,1,0,0,1,0,0,0,0,1
Marine Academy of Science and Technology,0,0,0,0,1,1,1,1,1,1,0,0,0,0,0,1,1,1,0,0,1
Marine Academy of Science and Technology,1,0,1,0,1,0,1,1,0,1,0,0,0,0,0,0,0,1,0,0,1
Marine Academy of Science and Technology,1,0,1,0,1,1,1,0,1,1,0,0,0,0,1,1,0,1,0,0,1
Marine Academy of Science and Technology,1,0,0,0,1,1,1,1,1,1,0,0,1,0,0,0,0,1,0,0,1
Marine Academy of Science and Technology,1,0,0,0,1,1,1,1,1,1,0,0,1,0,0,1,1,1,0,0,1
Marine Academy of Science and Technology,0,0,0,0,1,1,1,1,1,1,0,0,1,0,0,0,1,1,0,0,1
"MIDWOOD High School Brooklyn, NY, USA",1,0,1,0,1,1,1,1,1,1,0,0,0,0,0,0,0,1,0,0,0
Morris Knolls,1,0,0,1,1,1,1,0,1,1,1,0,1,0,0,0,1,0,0,0,0
New Egypt High School,0,1,0,0,1,1,1,1,1,1,0,0,1,0,0,0,0,0,0,0,0
New Egypt High School,0,0,1,0,1,0,0,0,0,0,0,0,1,0,1,1,1,1,0,0,0
New Egypt High School,0,0,0,0,1,1,1,1,1,1,0,0,1,0,1,1,1,1,0,0,0
New Egypt High School,0,1,0,0,1,1,1,0,1,1,0,0,0,0,0,0,0,0,1,0,0
New Egypt High School,0,0,0,1,1,0,1,0,1,1,0,0,1,0,0,1,0,0,0,0,0
New Egypt High School,0,1,0,0,1,0,1,1,0,0,0,0,0,0,1,1,0,0,0,0,0
New Egypt High School,0,1,0,0,1,0,0,0,1,1,0,0,1,0,1,1,1,0,0,0,0
Ocean County Vocational Academy,0,0,0,0,0,0,1,0,0,0,0,0,0,0,0,1,0,0,0,0,1
Ocean County Vocational Academy,0,0,0,0,1,0,0,0,1,1,0,0,0,0,0,0,0,1,0,0,1
Ocean County Vocational Academy,1,0,0,0,1,1,1,1,0,1,0,0,0,0,1,1,0,1,0,0,1
Ocean County Vocational Academy,1,0,0,0,1,1,1,1,1,1,0,0,1,0,1,0,0,1,0,0,1
Ocean County Vocational Academy,0,0,1,0,1,0,0,1,0,0,0,0,1,0,0,1,1,1,1,0,1
Ocean County Vocational Academy,1,1,0,0,1,1,1,1,1,1,1,0,1,0,0,0,0,0,0,0,1
Ocean County Vocational Academy,0,0,0,0,1,1,1,1,1,1,0,0,0,0,0,1,1,1,0,0,1
Ocean County Vocational Academy,0,0,1,0,1,0,0,0,0,0,0,0,0,0,0,0,0,1,0,0,1
Ocean County Vocational Academy,0,1,0,0,1,1,1,1,1,1,0,0,1,0,0,0,0,0,0,0,1
Ocean County Vocational Academy,1,0,1,0,1,0,1,0,1,1,0,0,1,0,0,0,1,1,0,0,1
Ocean County Vocational Academy,0,1,0,0,1,0,0,1,0,0,0,0,1,1,1,1,1,1,0,0,1
Ocean County Vocational Academy,0,0,0,0,0,0,0,0,0,0,0,1,0,0,0,0,0,0,0,1,1
Ocean County Vocational Academy,0,0,0,0,1,1,1,1,1,1,0,0,1,0,1,1,1,0,0,0,1
Ocean County Vocational Academy,0,0,0,0,1,0,0,0,0,0,0,0,0,0,0,0,0,0,0,1,1
Ocean County Vocational Academy,0,0,0,0,1,1,1,1,1,1,0,0,1,0,1,1,1,1,0,0,1
Ocean County Vocational Academy,0,0,0,0,1,1,1,1,1,1,0,0,1,1,1,1,1,1,0,1,1
Parsippany High School,1,0,1,0,1,1,0,0,1,1,0,0,1,0,1,1,0,0,0,0,0
Parsippany High School,1,0,1,0,1,1,1,1,1,1,1,0,1,0,0,0,1,1,0,0,0
"Parsons Senior High School, Parsons, KS",1,0,0,1,1,0,0,0,1,1,0,0,0,0,0,0,0,0,1,0,0
Pascack Valley High School,0,0,1,0,1,1,1,1,1,1,0,0,1,0,1,1,1,1,0,0,0
Pascack Valley High School,1,0,1,0,1,0,1,0,0,1,0,0,1,0,1,0,0,1,0,0,0
Pascack Valley High School,1,0,0,1,1,0,1,1,0,1,0,0,0,0,0,0,0,1,0,0,0
Pascack Valley High School,1,0,1,0,1,1,0,1,0,1,0,0,1,1,1,1,1,1,0,0,0
Pascack Valley High School,0,0,0,0,1,1,0,0,1,0,0,0,1,1,1,1,1,0,0,0,0
Pascack Valley High School,1,0,0,1,0,0,0,0,0,0,0,0,0,0,0,0,0,0,0,0,0
Pascack Valley High School,0,1,0,0,1,0,0,1,0,1,0,0,0,0,0,1,0,0,0,0,0
Pascack Valley High School,0,0,0,0,0,0,1,1,0,0,0,0,0,0,1,1,0,1,0,0,0
Pascack Valley High School,0,0,0,0,0,0,0,0,0,0,0,1,1,1,1,1,1,1,0,0,0
Pascack Valley High School,0,0,0,0,1,1,0,0,1,1,0,0,0,0,0,0,0,0,1,0,0
Pascack Valley High School,0,1,0,0,1,1,1,1,1,1,1,0,0,0,1,1,1,1,1,0,0
Pascack Valley High School,1,0,0,1,1,1,1,0,0,0,0,0,1,0,0,1,0,0,1,0,0
Pascack Valley High School,0,0,1,0,1,0,1,0,1,1,0,0,1,0,0,0,0,0,0,0,0
Pascack Valley High School,0,0,0,0,1,0,0,1,1,0,0,0,1,0,0,1,0,1,0,0,0
Pascack Valley High School,0,1,0,0,1,0,0,1,0,0,0,0,0,0,0,0,1,0,0,0,0
Pascack Valley High School,1,0,1,0,0,1,1,1,0,0,0,0,0,1,0,0,0,0,0,0,0
Pascack Valley High School,0,0,1,0,0,1,1,1,0,0,0,0,0,0,1,1,1,1,0,0,0
Pascack Valley High School,0,0,1,0,1,1,1,1,1,1,0,0,1,0,0,0,0,1,0,0,0
Pascack Valley High School,1,0,0,1,1,1,0,0,0,1,0,0,0,0,0,0,0,1,0,0,0
Pascack Valley High School,0,1,0,0,1,1,0,0,0,0,0,0,0,0,0,0,0,0,0,1,0
Pascack Valley High School,1,0,0,0,1,0,0,1,1,1,0,0,0,0,0,1,0,0,0,0,0
Pascack Valley High School,1,1,0,0,1,0,1,1,1,1,0,0,0,0,0,0,0,1,0,0,0
Pascack Valley High School,0,0,1,0,1,1,1,0,1,0,0,0,1,0,0,0,1,0,0,0,0
Pascack Valley High School,0,1,0,0,1,1,1,1,1,1,0,0,1,0,0,1,0,1,0,0,0
Pascack Valley High School,1,1,0,0,1,1,0,1,1,0,0,0,0,0,0,0,1,0,0,0,0
Pascack Valley High School,1,0,1,0,1,1,1,1,1,1,0,0,0,0,0,1,0,1,0,0,0
Pascack Valley High School,0,0,1,0,1,1,1,1,1,1,0,0,1,0,0,0,1,1,0,0,0
Pascack Valley High School,1,0,1,0,0,0,1,0,1,1,0,0,1,0,0,0,1,0,0,0,0
Pascack Valley High School,1,0,0,1,1,1,0,0,1,0,0,0,0,0,0,1,0,1,0,0,0
Pascack Valley High School,0,0,0,0,1,0,0,0,0,0,0,0,0,0,1,1,1,0,0,0,0
Pascack Valley High School,1,0,1,0,1,0,1,1,0,1,0,0,1,0,0,0,1,1,0,0,0
Pascack Valley High School,1,1,0,0,1,0,1,1,1,1,0,0,0,0,0,0,0,0,0,1,0
Pascack Valley High School,1,1,0,0,1,1,1,0,0,1,0,0,0,1,0,1,1,1,0,0,0
Pascack Valley High School,1,0,0,1,1,1,1,1,1,1,0,0,0,0,0,1,1,1,0,0,0
Pascack Valley High School,0,0,0,1,1,0,0,0,0,0,0,0,0,0,1,1,1,1,0,0,0
Pascack Valley High School,1,0,0,1,1,1,1,1,1,1,1,0,1,1,1,1,1,1,0,0,0
Pascack Valley High School,1,1,0,0,0,0,0,0,1,0,0,0,0,0,0,0,0,1,0,0,0
Pascack Valley High School,0,0,1,0,1,1,1,1,1,1,0,0,0,0,0,0,1,1,0,0,0
Pascack Valley High School,1,0,0,1,1,1,1,1,0,1,0,0,0,0,0,0,0,1,0,0,0
Pascack Valley High School,1,1,0,0,1,0,1,1,1,1,0,0,0,0,0,0,0,0,0,1,0
Pascack Valley High School,0,0,1,0,1,0,1,1,0,1,0,0,0,0,1,1,0,1,0,0,0
Pascack Valley High School,1,0,0,0,1,1,1,1,1,0,0,0,0,0,0,0,0,1,0,0,0
Pascack Valley High School,1,0,0,1,0,0,1,1,0,0,0,0,0,0,1,1,1,1,0,0,0
Pascack Valley High School,1,0,0,1,1,1,1,1,1,1,0,0,0,0,0,1,0,1,0,0,0
Pascack Valley High School,1,1,0,0,1,1,1,1,1,1,0,0,1,0,0,0,0,1,0,0,0
Pascack Valley High School,0,0,1,0,1,1,1,1,1,1,0,0,1,0,0,0,0,1,0,0,0
Pascack Valley High School,1,0,0,0,1,0,1,1,1,1,0,0,1,0,1,1,0,1,0,0,0
Pascack Valley High School,0,0,1,0,1,0,1,1,0,1,0,0,1,0,1,1,1,1,0,0,0
Pascack Valley High School,0,1,0,0,0,0,0,1,0,0,0,0,1,1,1,1,1,1,0,0,0
Pascack Valley High School,0,0,1,0,1,1,1,1,0,0,0,0,1,0,1,1,1,0,0,0,0
Pascack Valley High School,1,0,1,0,1,0,0,1,0,0,1,0,0,0,0,0,0,0,0,1,0
Pascack Valley High School,0,1,0,0,1,1,1,1,1,1,0,0,1,0,0,1,0,1,0,0,0
Pascack Valley High School,1,1,0,0,0,0,0,0,0,0,1,0,0,0,0,0,0,0,1,0,0
Pascack Valley High School,1,0,0,0,0,1,1,1,1,1,0,0,1,0,0,0,0,0,0,0,0
Pascack Valley High School,1,0,0,0,1,1,0,0,1,0,0,0,1,0,0,1,0,0,0,0,0
Pascack Valley High School,0,0,1,0,1,1,1,1,1,1,0,0,0,0,0,0,1,1,0,0,0
Pascack Valley High School,0,0,1,0,1,1,1,1,1,1,0,0,1,0,0,0,1,1,0,0,0
Pascack Valley High School,1,0,0,0,1,1,1,1,0,1,0,0,0,0,0,1,0,1,0,0,0
Pascack Valley High School,0,0,0,0,1,0,0,1,0,0,0,0,1,0,1,1,0,0,0,0,0
Pascack Valley High School,0,0,1,0,1,0,0,1,0,1,0,0,0,0,0,0,1,1,0,0,0
Pascack Valley High School,0,0,1,0,1,0,0,1,1,1,0,0,1,0,0,1,0,0,0,0,0
Pascack Valley High School,0,0,1,0,1,1,1,1,0,0,0,0,1,0,0,0,0,1,0,0,0
Pascack Valley High School,1,0,1,0,1,1,1,1,1,1,1,0,0,0,1,1,1,1,0,0,0
Pascack Valley High School,0,0,1,0,1,1,1,1,1,1,0,0,1,0,0,0,0,1,0,0,0
Pascack Valley High School,0,0,1,0,1,1,1,1,1,1,0,0,1,0,1,1,1,1,0,0,0
Pascack Valley High School,0,0,0,0,1,1,1,1,0,1,0,0,1,0,0,0,0,0,0,0,0
Pascack Valley High School,0,0,1,0,1,1,1,1,1,1,0,0,0,0,0,0,0,0,0,1,0
Pascack Valley High School,0,1,0,0,1,0,1,0,0,1,0,0,1,0,1,1,0,0,0,0,0
Pascack Valley High School,0,0,0,1,1,1,1,1,1,1,0,0,1,0,1,1,1,1,0,0,0
Pascack Valley High School,0,0,0,1,1,0,0,0,0,0,0,0,0,0,0,1,0,0,0,0,0
Pascack Valley High School,1,0,1,0,1,1,1,1,1,1,0,0,0,0,0,0,1,1,0,0,0
Pascack Valley High School,0,0,1,0,1,1,1,1,0,0,0,0,1,0,0,1,1,0,0,0,0
Pascack Valley High School,0,1,0,0,0,1,0,0,1,1,0,0,1,0,1,0,0,0,0,0,0
Pascack Valley High School,1,0,0,1,1,0,1,1,1,0,0,0,1,0,0,0,1,1,0,0,0
Pascack Valley High School,1,0,0,1,1,1,0,0,1,0,0,0,1,0,0,0,0,1,0,0,0
Pascack Valley High School,0,0,1,0,1,1,1,1,0,0,0,0,1,0,1,1,1,1,0,0,0
Pascack Valley High School,1,1,0,0,1,1,0,0,1,1,0,0,1,0,0,0,0,0,0,0,0
Pascack Valley High School,1,0,1,0,1,0,0,0,0,0,0,0,0,0,0,0,0,0,0,1,0
Pascack Valley High School,0,0,1,0,1,0,0,0,0,0,0,0,1,0,0,0,0,0,0,0,0
Pascack Valley High School,0,0,0,1,1,0,0,0,1,0,0,0,1,0,0,0,0,0,0,0,0
Pascack Valley High School,1,0,1,0,1,1,0,0,0,1,0,0,1,0,0,0,0,0,0,0,0
Pascack Valley High School,0,0,0,1,1,1,0,1,0,1,0,0,0,0,1,1,1,0,0,0,0
Pascack Valley High School,0,0,0,1,1,1,1,1,1,1,0,0,1,0,1,1,0,0,0,0,0
Pascack Valley High School,1,0,0,0,1,0,0,1,1,1,0,0,0,0,0,0,0,0,0,1,0
Pascack Valley High School,1,0,1,0,0,0,1,1,0,0,0,0,0,0,1,1,0,0,0,0,0
Pascack Valley High School,1,0,1,0,1,0,1,1,0,1,0,0,1,0,0,0,1,1,0,0,0
Pascack Valley High School,1,0,0,0,1,0,1,1,1,1,0,0,0,0,0,1,1,0,0,0,0
Pascack Valley High School,0,1,0,0,1,1,1,1,0,0,0,0,1,0,0,1,0,1,0,0,0
Pascack Valley High School,0,0,0,0,1,1,1,1,1,1,0,0,0,0,0,1,0,1,0,0,0
Pascack Valley High School,0,1,0,0,1,1,1,1,1,1,1,0,1,0,1,0,0,1,1,0,0
Pascack Valley High School,1,1,0,0,1,0,0,0,0,1,0,0,0,0,0,0,0,0,0,1,0
Pascack Valley High School,0,0,0,1,0,0,1,1,0,1,0,0,1,0,0,0,1,1,0,0,0
Pascack Valley High School,1,0,1,0,1,1,1,1,1,1,0,0,1,0,0,1,1,1,0,0,0
Pascack Valley High School,1,0,0,0,1,0,0,1,1,0,0,0,0,0,0,1,0,1,0,0,0
Pascack Valley High School,1,1,0,0,1,1,1,1,1,1,0,0,1,1,1,1,1,1,0,0,0
Pascack Valley High School,0,0,0,1,1,1,1,1,0,0,0,0,1,0,0,0,0,1,0,0,0
Pascack Valley High School,1,0,0,1,1,1,1,1,0,0,0,0,1,0,1,1,1,1,0,0,0
Pascack Valley High School,0,0,1,0,1,1,1,0,0,1,0,0,0,0,0,1,0,0,0,0,0
Pascack Valley High School,1,0,0,1,1,1,1,1,1,1,0,0,1,0,0,0,0,1,0,0,0
Pascack Valley High School,1,0,0,0,1,0,1,0,1,1,0,0,0,0,0,0,0,0,0,1,0
Pascack Valley High School,1,0,0,1,0,0,0,1,0,0,0,0,0,0,0,1,0,0,0,0,0
Pascack Valley High School,0,0,1,0,1,1,0,1,1,1,0,0,0,0,0,0,0,0,0,1,0
Pascack Valley High School,1,0,1,0,1,0,1,1,1,1,0,0,1,0,0,0,0,1,0,0,0
Pascack Valley High School,1,0,1,0,1,1,1,1,1,1,0,0,0,0,1,1,0,0,0,0,0
Pascack Valley High School,0,0,1,0,0,0,0,1,1,1,0,0,1,0,0,1,0,1,0,0,0
Pascack Valley High School,0,0,0,0,1,1,1,1,1,1,0,0,1,1,1,1,1,1,0,0,0
Pascack Valley High School,1,0,0,1,1,1,1,1,0,1,0,0,0,1,0,1,0,1,0,0,0
Pascack Valley High School,1,0,1,0,1,0,0,0,1,1,0,0,0,0,1,1,0,1,0,0,0
Pascack Valley High School,1,0,0,0,1,1,1,1,1,1,0,0,1,0,0,1,1,0,0,0,0
Pascack Valley High School,0,1,0,0,1,0,1,1,0,0,0,0,1,0,1,1,1,0,0,0,0
Pascack Valley High School,1,0,0,0,1,0,1,0,1,1,0,0,0,0,0,0,0,1,0,0,0
Pascack Valley High School,0,0,0,0,1,0,0,1,0,1,1,0,0,0,1,1,0,1,0,0,0
Pascack Valley High School,1,1,0,0,1,1,1,1,1,1,0,0,0,0,1,1,0,1,0,0,0
Pascack Valley High School,0,1,0,0,1,0,0,1,1,1,0,0,0,0,0,1,1,1,0,0,0
Pascack Valley High School,1,0,0,0,1,1,1,1,1,1,0,0,1,0,0,0,0,0,0,0,0
Pascack Valley High School,0,0,0,1,1,1,0,1,1,0,0,0,1,1,0,1,0,1,0,0,0
Pascack Valley High School,0,1,0,0,1,0,1,1,1,1,0,0,1,0,1,1,1,0,0,0,0
Pascack Valley High School,0,0,0,0,0,0,0,0,0,0,0,1,0,0,0,0,0,0,0,1,0
Pascack Valley High School,1,0,0,1,0,1,1,0,0,1,0,0,1,0,0,0,1,0,0,0,0
Pascack Valley High School,0,0,0,0,1,1,1,0,1,1,0,0,1,0,0,1,1,1,0,0,0
Pascack Valley High School,0,1,0,0,1,1,0,0,1,1,0,0,1,0,0,1,1,0,0,0,0
Pascack Valley High School,1,1,0,0,0,0,0,1,0,0,1,0,1,0,0,1,1,0,0,0,0
Pascack Valley High School,0,0,1,0,0,0,0,0,0,0,1,0,0,0,0,0,0,0,1,0,0
Pascack Valley High School,1,1,0,0,1,1,1,1,1,1,0,0,0,0,0,0,0,1,0,0,0
Pascack Valley High School,1,0,1,0,1,1,1,1,1,1,0,0,0,0,0,1,0,0,0,0,0
Pascack Valley High School,0,0,1,0,1,0,1,1,1,1,0,0,0,0,0,0,0,0,0,1,0
Pascack Valley High School,0,0,1,0,1,1,1,1,1,1,0,0,1,1,0,1,1,0,0,0,0
Pascack Valley High School,1,1,0,0,1,1,1,1,1,1,0,0,1,0,0,1,1,1,0,0,0
Pascack Valley High School,1,0,0,0,1,1,1,1,1,0,0,0,0,0,0,1,0,0,0,0,0
Pascack Valley High School,0,0,1,0,1,1,1,1,0,0,0,0,1,0,0,0,0,1,0,0,0
Pascack Valley High School,0,0,0,1,1,1,0,0,0,0,0,0,0,0,0,0,1,0,0,0,0
Pascack Valley High School,0,1,0,0,1,0,1,0,0,1,0,0,0,0,0,1,1,0,0,0,0
Pascack Valley High School,1,0,1,0,1,1,1,0,1,0,0,0,1,0,0,0,1,0,0,0,0
Pascack Valley High School,0,0,0,0,1,1,1,0,0,1,0,0,1,0,0,1,1,1,0,0,0
Pascack Valley High School,0,0,0,1,1,0,1,1,0,0,0,0,1,0,0,0,1,0,0,0,0
Pascack Valley High School,1,1,0,0,1,1,1,1,1,1,0,0,1,0,0,0,0,0,1,0,0
Pascack Valley High School,1,0,0,1,1,0,1,1,0,1,0,0,1,0,0,0,0,0,0,0,0
Pascack Valley High School,0,0,1,0,1,1,1,1,1,1,1,0,1,0,1,1,0,0,0,0,0
Pascack Valley High School,0,0,1,0,1,1,1,1,1,1,0,0,1,0,1,1,1,0,0,0,0
Pascack Valley High School,0,0,1,0,1,0,1,0,1,1,0,0,0,0,0,0,0,0,1,0,0
Pascack Valley High School,0,0,1,0,1,0,1,1,1,1,0,0,1,0,1,1,1,1,0,0,0
Pascack Valley High School,1,0,0,0,1,1,0,0,1,0,0,0,0,0,0,1,0,0,0,0,0
Pascack Valley High School,1,0,0,1,1,0,0,0,0,1,0,0,0,0,0,1,0,1,0,0,0
Pascack Valley High School,0,0,1,0,1,1,1,1,1,1,0,0,0,1,0,1,0,0,0,0,0
Pascack Valley High School,1,0,0,1,1,1,0,1,1,1,0,0,0,0,1,0,0,0,1,0,0
Pascack Valley High School,1,0,0,0,1,1,1,1,1,1,0,0,0,0,0,0,0,0,0,1,0
Pascack Valley High School,0,0,1,0,0,0,0,0,0,0,0,1,0,0,0,0,0,0,0,1,0
Pascack Valley High School,0,0,0,1,1,1,0,1,1,1,0,0,0,1,1,0,0,1,0,0,0
Pascack Valley High School,0,0,1,0,1,0,1,0,1,1,0,0,0,0,0,0,1,1,0,0,0
Pascack Valley High School,0,0,1,0,1,0,1,0,1,0,0,0,1,0,1,1,0,1,0,0,0
Pascack Valley High School,1,1,0,0,1,1,1,1,1,1,0,0,1,0,0,1,0,1,0,0,0
Pascack Valley High School,0,0,1,0,1,1,1,1,1,1,0,0,0,0,1,1,0,0,0,0,0
Pascack Valley High School,0,0,1,0,1,0,1,1,0,1,0,0,1,0,1,1,1,1,0,0,0
Pascack Valley High School,0,1,0,0,1,1,0,0,1,1,0,0,1,0,0,1,1,0,0,0,0
Pascack Valley High School,1,0,0,1,1,0,0,1,1,1,0,0,0,0,0,1,1,0,0,0,0
Pascack Valley High School,1,0,0,0,1,1,1,1,1,1,0,0,1,0,0,0,0,1,0,0,0
Pascack Valley High School,0,0,0,1,1,1,1,1,1,1,1,0,1,0,1,1,1,0,0,0,0
Pascack Valley High School,0,0,0,0,1,0,1,0,1,0,0,0,1,0,0,1,1,0,0,0,0
Pascack Valley High School,0,0,1,0,1,0,1,0,1,0,0,0,0,0,0,1,0,0,0,0,0
Pascack Valley High School,1,0,0,0,1,1,1,0,0,1,0,0,0,0,0,1,0,1,0,0,0
Pascack Valley High School,1,0,1,0,1,1,0,0,1,1,0,0,0,0,0,1,1,1,0,0,0
Pascack Valley High School,0,0,0,0,1,0,1,0,1,1,0,0,1,0,0,0,0,0,0,0,0
Pascack Valley High School,1,0,0,0,1,0,1,1,0,0,0,0,1,0,0,1,0,1,0,0,0
Pascack Valley High School,1,0,1,0,1,1,1,1,1,1,0,0,0,0,1,1,1,0,0,0,0
Pascack Valley High School,1,0,1,0,1,1,1,1,1,1,1,0,1,1,0,1,0,0,0,0,0
Pascack Valley High School,0,0,0,1,1,1,1,1,1,1,0,0,1,0,0,0,0,1,0,0,0
Pascack Valley High School,0,0,0,0,1,1,0,1,1,1,0,0,1,0,1,0,0,1,0,0,0
Pascack Valley High School,1,0,0,1,1,1,0,1,1,1,1,0,0,0,0,0,0,0,0,1,0
Pascack Valley High School,0,0,0,1,1,1,1,1,1,1,0,0,1,0,0,1,0,0,0,0,0
Pascack Valley High School,0,1,0,0,1,1,1,1,1,1,0,0,1,1,1,1,1,1,0,0,0
Pascack Valley High School,1,1,0,0,1,0,1,0,1,1,0,0,0,0,0,0,1,1,0,0,0
Pascack Valley High School,0,1,0,0,1,1,1,1,1,1,1,1,1,1,1,1,1,1,1,1,0
Pascack Valley High School,0,1,0,0,1,0,0,0,0,1,0,0,0,0,0,0,0,0,0,0,0
Pascack Valley High School,0,1,0,0,1,1,0,1,1,1,0,0,0,0,0,1,0,0,0,0,0
Pascack Valley High School,0,1,0,0,1,0,1,1,0,1,0,0,1,0,1,1,1,0,0,0,0
Pascack Valley High School,1,0,1,0,0,0,1,1,1,1,0,0,1,0,1,1,1,1,0,0,0
Pascack Valley High School,0,0,0,0,1,1,0,1,1,1,0,0,1,0,1,1,0,0,0,0,0
Pascack Valley High School,1,0,0,1,1,1,1,1,1,1,0,0,0,0,0,0,0,0,0,1,0
Pascack Valley High School,0,0,0,0,0,0,1,1,0,0,0,0,1,0,1,1,1,0,0,0,0
Pascack Valley High School,1,0,0,1,1,0,0,1,1,1,0,0,1,0,0,0,0,1,0,0,0
Pascack Valley High School,1,0,1,0,1,1,0,1,1,1,0,0,0,0,0,0,0,0,0,1,0
Pascack Valley High School,1,0,0,1,1,0,1,0,1,0,0,0,0,0,0,0,0,0,0,1,0
Pascack Valley High School,0,0,0,1,1,1,1,1,1,1,0,0,1,0,0,1,0,0,0,0,0
Pascack Valley High School,0,0,0,0,1,1,0,1,1,0,0,0,1,0,0,0,0,1,0,0,0
Pascack Valley High School,0,0,0,1,1,0,0,0,0,0,0,0,1,0,0,0,0,1,0,0,0
Pascack Valley High School,0,0,1,0,1,0,1,1,0,1,0,0,0,0,1,1,0,1,0,0,0
Pascack Valley High School,1,0,0,1,1,0,0,1,1,1,0,0,1,0,0,0,1,1,0,0,0
Pascack Valley High School,0,0,0,0,1,1,1,1,1,1,0,0,1,0,0,1,0,1,0,0,0
Pascack Valley High School,0,0,0,1,1,1,1,1,1,1,0,0,0,0,1,1,0,0,0,0,0
Pascack Valley High School,0,1,0,0,1,1,1,1,1,1,0,0,0,0,0,0,0,1,0,0,0
Pascack Valley High School,1,0,0,0,1,1,1,1,1,1,0,0,1,0,1,0,0,1,0,0,0
Pascack Valley High School,0,1,0,0,1,1,1,0,1,1,0,0,1,0,0,1,1,0,0,0,0
Pascack Valley High School,1,1,0,0,1,0,0,1,1,1,0,0,1,0,0,0,1,1,0,0,0
Pascack Valley High School,1,1,0,0,1,1,1,0,0,1,0,0,1,1,1,1,0,1,0,0,0
Pascack Valley High School,1,0,0,1,1,1,1,1,0,1,0,0,0,0,0,1,0,0,0,0,0
Pascack Valley High School,0,0,0,0,1,1,1,1,1,1,0,0,1,0,1,1,1,1,0,0,0
Pascack Valley High School,1,0,1,0,1,1,0,1,1,1,0,0,1,0,1,1,0,1,0,0,0
Pascack Valley High School,0,0,0,1,1,1,1,1,1,1,1,0,1,0,1,1,1,1,0,0,0
Pascack Valley High School,0,0,1,0,1,1,1,0,0,1,0,0,1,0,0,0,0,1,0,0,0
Pascack Valley High School,0,0,1,0,1,1,0,0,1,1,1,0,0,0,0,0,0,0,0,1,0
Pascack Valley High School,1,0,0,1,0,1,0,1,0,1,0,0,1,0,0,0,0,1,0,0,0
Pascack Valley High School,1,0,0,0,1,0,1,0,1,1,0,0,1,0,0,0,0,0,0,0,0
Pascack Valley High School,1,0,1,0,1,1,1,1,1,1,0,0,1,0,0,0,1,0,0,0,0
Pascack Valley High School,0,1,0,0,0,0,0,0,0,0,0,1,0,0,0,0,0,0,0,1,0
Pascack Valley High School,0,0,1,0,1,1,1,1,1,1,0,0,1,0,1,1,0,0,0,0,0
Pascack Valley High School,1,1,0,0,1,1,1,0,1,1,0,0,1,0,1,0,1,1,0,0,0
Pascack Valley High School,1,0,1,0,1,0,0,0,0,1,0,0,1,0,1,1,1,1,0,0,0
Pascack Valley High School,0,0,1,0,1,1,1,1,1,1,0,0,1,0,0,1,0,0,0,0,0
Pascack Valley High School,1,0,0,1,1,1,0,0,1,1,0,0,0,0,0,0,0,0,0,1,0
Pascack Valley High School,0,0,0,1,1,1,1,1,0,0,0,0,0,0,1,1,1,0,0,0,0
Pascack Valley High School,0,0,1,0,1,1,1,1,0,1,0,0,1,0,1,0,0,1,0,0,0
Pascack Valley High School,1,0,0,1,1,0,0,1,1,1,0,0,0,0,0,0,0,0,0,1,0
Pascack Valley High School,1,1,0,0,1,1,1,1,1,1,0,0,1,0,0,0,0,0,0,0,0
Pascack Valley High School,0,0,0,1,1,1,1,0,1,1,0,0,1,1,0,0,1,1,0,0,0
Pascack Valley High School,1,0,1,0,1,1,0,1,1,1,0,0,0,0,0,0,0,0,0,1,0
Pascack Valley High School,0,0,1,0,1,1,0,0,1,1,0,0,1,0,0,0,1,1,0,0,0
Pascack Valley High School,0,0,1,0,1,1,1,1,1,0,0,0,1,0,1,1,1,0,0,0,0
Pascack Valley High School,1,0,0,1,1,0,1,1,0,1,0,0,1,0,0,1,1,1,0,0,0
Pascack Valley High School,1,0,0,0,1,0,0,0,1,1,0,0,1,0,0,0,0,1,0,0,0
Pascack Valley High School,0,0,1,0,1,1,1,1,1,1,0,0,0,0,0,0,0,0,0,0,0
Pascack Valley High School,0,0,1,0,1,0,0,0,1,1,0,0,0,0,0,1,1,1,0,0,0
Pascack Valley High School,1,0,0,1,1,0,0,1,1,1,1,0,0,0,1,1,0,0,0,0,0
Performing Arts Academy,1,0,1,0,1,0,1,1,1,1,0,0,0,0,0,0,0,1,0,0,1
Performing Arts Academy,0,0,0,1,1,0,1,1,1,1,0,0,0,0,0,0,0,0,0,0,1
Performing Arts Academy,0,1,0,0,0,1,1,1,0,1,0,0,1,0,0,1,1,1,1,0,1
Performing Arts Academy,1,0,0,0,1,1,0,0,1,0,0,0,0,0,0,0,0,0,0,1,1
Performing Arts Academy,1,0,0,0,1,1,1,0,1,1,0,0,1,0,0,0,0,1,0,0,1
Performing Arts Academy,1,0,0,0,1,1,1,1,1,1,0,0,0,0,0,0,1,0,0,0,1
Performing Arts Academy,1,0,0,0,1,0,1,0,1,1,0,0,1,0,0,0,0,1,1,0,1
Performing Arts Academy,1,0,0,0,1,1,1,0,1,1,0,0,1,0,0,0,0,0,0,0,1
Performing Arts Academy,1,0,0,0,1,0,1,1,0,1,0,0,1,0,0,0,0,1,0,0,1
Performing Arts Academy,1,1,0,0,1,1,1,1,1,1,0,0,0,0,0,0,1,1,0,0,1
Performing Arts Academy,0,0,0,0,1,1,1,1,1,1,0,0,0,0,1,0,0,1,0,0,1
Performing Arts Academy,1,0,0,0,1,1,1,1,1,1,0,0,0,0,0,0,0,0,0,0,1
Performing Arts Academy,0,0,0,0,1,1,1,1,1,1,0,0,1,0,0,0,0,1,0,0,1
Performing Arts Academy,0,0,0,0,1,1,1,1,1,1,0,0,0,0,0,0,0,0,0,1,1
Performing Arts Academy,1,0,0,0,1,1,1,1,1,1,0,0,0,0,0,0,0,0,0,1,1
Performing Arts Academy,1,0,0,0,0,1,1,1,0,0,0,0,1,0,1,0,0,0,0,0,1
Performing Arts Academy,0,0,0,0,0,0,1,0,0,0,0,0,1,0,0,0,0,0,0,0,1
Performing Arts Academy,1,0,0,0,1,1,1,1,1,1,0,0,0,0,0,0,0,0,1,1,1
Performing Arts Academy,1,0,0,0,1,0,1,1,0,1,0,0,0,0,1,1,0,1,0,0,1
Performing Arts Academy,0,0,0,0,1,0,1,1,0,1,0,0,0,0,0,0,1,1,0,0,1
Performing Arts Academy,0,0,0,0,1,1,1,1,1,0,0,0,0,0,0,1,0,0,0,0,1
Performing Arts Academy,0,0,0,0,1,1,1,1,1,1,0,0,1,0,0,0,0,0,0,0,1
Performing Arts Academy,0,0,0,0,1,0,1,1,0,1,1,0,0,0,0,0,0,0,0,1,1
Performing Arts Academy,0,0,0,0,1,0,0,1,1,0,0,0,0,0,0,1,1,1,0,0,1
Performing Arts Academy,0,0,0,0,1,0,1,1,0,0,0,0,0,0,0,0,0,1,0,0,1
Performing Arts Academy,0,0,0,0,0,0,1,1,0,0,0,0,0,0,0,0,0,0,1,0,1
Performing Arts Academy,1,0,0,0,1,1,1,1,1,1,0,0,0,0,0,0,0,0,0,1,1
Performing Arts Academy,1,0,0,0,1,1,1,1,1,0,0,0,0,0,0,0,0,0,0,1,1
Performing Arts Academy,1,0,0,0,1,1,1,1,1,1,0,0,0,0,0,0,0,0,1,0,1
Performing Arts Academy,0,0,0,0,1,1,1,1,1,1,0,0,1,0,0,0,0,1,0,0,1
Performing Arts Academy,0,0,0,0,1,1,1,1,1,1,0,0,1,0,0,0,1,1,0,0,1
Performing Arts Academy,0,0,0,0,1,1,1,1,1,1,0,0,1,0,0,0,1,1,0,0,1
Performing Arts Academy,1,0,0,0,1,1,1,1,1,1,0,0,1,0,0,0,0,0,0,0,1
Performing Arts Academy,1,0,0,0,1,1,1,1,1,1,0,0,0,0,0,0,0,0,0,1,1
Performing Arts Academy,1,0,0,0,1,1,1,0,1,1,0,0,1,0,0,0,0,0,0,0,1
Performing Arts Academy,1,0,0,0,1,0,1,0,1,1,0,0,1,0,0,0,0,0,0,0,1
Performing Arts Academy,0,0,0,0,1,0,1,1,0,1,0,0,1,0,0,0,1,1,0,0,1
Performing Arts Academy,0,0,0,0,1,0,0,1,1,1,0,0,1,0,0,1,1,0,0,0,1
Performing Arts Academy,0,0,0,0,1,0,0,0,1,0,0,0,1,0,0,0,1,1,0,0,1
Performing Arts Academy,0,0,0,0,1,1,1,1,1,1,0,0,1,0,0,0,0,0,0,0,1
Performing Arts Academy,1,0,0,0,1,1,0,1,1,1,1,0,0,0,1,0,0,0,0,0,1
Performing Arts Academy,1,0,0,0,1,1,1,1,0,0,1,0,1,0,0,0,1,1,1,0,1
Performing Arts Academy,0,0,0,0,1,1,1,1,1,1,0,0,0,0,0,0,0,0,0,1,1
Performing Arts Academy,0,0,0,0,1,0,1,0,1,1,0,0,1,0,0,1,0,0,0,0,1
Performing Arts Academy,1,0,0,0,1,0,1,0,0,1,0,0,1,0,0,0,0,0,0,0,1
Performing Arts Academy,1,0,0,0,1,1,1,1,0,1,0,0,0,0,0,0,0,0,0,1,1
Performing Arts Academy,0,0,0,0,1,1,1,1,1,1,0,0,1,0,0,0,1,1,0,0,1
Performing Arts Academy,1,0,0,0,1,1,1,1,1,1,0,0,0,0,0,0,0,0,0,1,1
Performing Arts Academy,1,0,0,0,1,0,1,0,0,1,0,0,0,0,0,0,0,0,0,1,1
Performing Arts Academy,0,0,0,0,1,0,0,0,1,0,0,0,0,0,1,1,0,0,0,0,1
Performing Arts Academy,1,1,0,0,0,1,0,1,1,0,0,0,0,0,1,0,1,0,0,0,1
Performing Arts Academy,0,0,0,0,1,0,1,0,0,0,0,0,1,0,0,1,0,1,0,0,1
Performing Arts Academy,0,0,0,0,0,1,1,0,1,0,0,0,1,0,0,0,0,1,0,0,1
Performing Arts Academy,0,0,0,0,0,0,1,1,0,0,0,0,0,0,0,1,0,0,0,0,1
Performing Arts Academy,0,0,0,0,1,0,1,1,0,1,0,0,0,0,1,1,0,0,0,0,1
Performing Arts Academy,1,0,0,0,1,0,1,1,0,1,0,0,0,0,0,0,0,0,0,1,1
Performing Arts Academy,0,1,0,0,1,1,1,1,0,1,1,0,1,0,1,0,0,0,1,0,1
Performing Arts Academy,1,0,0,0,1,0,1,0,1,1,0,0,1,0,0,0,1,0,1,0,1
Performing Arts Academy,1,0,0,0,1,0,0,0,1,1,0,0,1,0,0,0,0,0,0,0,1
Performing Arts Academy,0,1,0,0,0,0,0,1,0,0,0,0,0,0,0,1,0,0,0,0,1
Performing Arts Academy,0,0,0,0,0,0,0,1,0,0,0,0,0,0,0,1,0,0,0,0,1
Performing Arts Academy,0,0,0,0,1,1,0,1,0,1,0,0,1,0,0,0,0,1,0,0,1
Performing Arts Academy,1,0,0,0,1,1,1,0,1,1,0,0,1,0,1,1,0,0,0,0,1
Performing Arts Academy,0,0,0,0,1,1,1,1,1,1,0,0,1,0,0,1,0,0,0,0,1
Performing Arts Academy,1,0,0,0,0,1,0,1,0,1,0,1,0,0,0,0,0,0,0,1,1
Performing Arts Academy,0,0,0,0,1,1,1,1,0,1,0,0,0,0,0,0,1,0,0,0,1
Performing Arts Academy,0,0,0,0,1,0,0,0,1,1,0,0,1,0,1,1,1,1,0,0,1
Performing Arts Academy,0,0,0,0,1,1,1,1,1,1,0,0,1,0,0,0,1,1,0,0,1
Performing Arts Academy,1,0,0,0,1,1,1,1,1,1,0,0,0,0,0,0,1,0,0,0,1
Performing Arts Academy,0,0,0,0,1,1,1,1,1,1,0,0,1,0,1,1,1,1,0,0,1
Performing Arts Academy,0,1,0,0,1,1,1,1,0,1,0,0,1,0,0,0,0,1,0,0,1
Performing Arts Academy,0,0,0,0,1,0,1,0,0,1,1,0,0,0,0,0,1,0,0,0,1
Performing Arts Academy,1,0,1,0,1,0,1,1,0,1,0,0,1,0,0,1,1,1,0,0,1
Performing Arts Academy,0,0,1,0,0,1,1,0,1,0,0,0,0,0,1,0,1,1,0,0,1
Performing Arts Academy,1,0,1,0,1,1,0,0,0,1,1,0,0,0,0,0,0,0,0,1,1
Performing Arts Academy,0,0,1,0,1,0,0,0,1,1,0,0,0,0,0,0,0,0,1,0,1
Performing Arts Academy,0,0,1,0,1,0,0,0,1,0,1,0,0,0,0,0,0,0,1,0,1
Performing Arts Academy,1,0,1,0,1,1,0,1,1,0,0,0,0,0,1,1,1,1,0,0,1
Performing Arts Academy,0,0,1,0,1,1,1,1,1,1,0,0,0,0,0,1,0,1,0,0,1
Performing Arts Academy,0,0,0,0,1,1,1,1,1,1,1,0,1,0,1,1,1,0,0,0,1
Performing Arts Academy,0,0,1,0,0,0,1,0,0,0,0,0,0,0,1,0,0,0,0,0,1
Performing Arts Academy,0,0,1,0,1,1,1,0,1,0,0,0,0,0,0,0,0,0,0,1,1
Performing Arts Academy,0,0,0,0,1,1,1,0,0,1,0,0,0,0,0,1,0,0,0,0,1
Performing Arts Academy,0,0,0,0,1,1,1,0,1,1,0,0,1,0,0,1,0,1,0,0,1
Performing Arts Academy,0,0,0,0,1,1,1,1,0,0,0,0,1,0,0,0,0,1,0,0,1
Performing Arts Academy,1,0,0,0,1,0,1,1,0,1,1,0,1,0,0,0,1,1,1,0,1
Performing Arts Academy,0,0,0,0,1,0,1,1,0,0,0,0,0,0,1,1,0,0,0,0,1
Performing Arts Academy,0,0,1,0,1,1,1,1,1,1,0,0,0,0,0,1,0,0,0,0,1
Performing Arts Academy,0,0,0,0,1,1,0,0,1,1,0,0,0,0,1,0,0,1,0,0,1
Performing Arts Academy,1,0,0,0,1,0,1,1,1,1,0,0,0,0,0,0,1,1,0,0,1
Performing Arts Academy,0,0,1,0,1,1,0,0,1,1,1,0,1,0,1,1,1,1,0,0,1
Performing Arts Academy,0,0,0,0,1,0,1,0,0,0,0,0,1,0,0,0,0,0,0,0,1
Performing Arts Academy,1,0,1,0,1,1,0,0,0,1,1,0,0,0,0,0,0,0,0,0,1
Performing Arts Academy,0,0,0,0,1,0,1,0,1,1,1,0,1,0,0,1,1,0,1,0,1
Performing Arts Academy,1,0,1,0,1,1,1,1,1,1,1,0,0,0,0,0,0,0,0,1,1
Performing Arts Academy,0,0,0,0,1,0,0,0,1,1,0,0,0,0,1,1,0,0,0,0,1
Performing Arts Academy,0,0,1,0,1,0,1,1,0,1,1,0,1,0,1,1,1,1,1,0,1
Performing Arts Academy,0,0,0,0,1,0,0,1,1,0,0,0,0,0,1,1,0,0,0,0,1
Performing Arts Academy,0,0,0,0,0,0,0,0,0,0,1,0,0,0,0,1,0,0,0,0,1
Performing Arts Academy,0,0,1,0,1,1,1,1,1,1,0,0,0,0,0,1,1,0,0,0,1
Performing Arts Academy,0,0,1,0,1,1,1,1,0,1,0,0,1,0,1,0,1,1,0,0,1
Performing Arts Academy,1,0,0,0,1,1,0,0,1,1,0,0,0,0,0,0,0,0,0,1,1
Performing Arts Academy,0,0,1,0,1,0,0,0,0,1,1,0,0,0,1,1,1,0,1,0,1
Performing Arts Academy,0,0,0,0,1,1,0,0,0,0,0,0,1,0,0,1,1,0,0,0,1
Performing Arts Academy,0,0,1,0,1,1,1,1,1,1,0,0,1,0,0,0,0,1,0,0,1
Performing Arts Academy,0,0,0,0,0,0,0,1,0,1,1,0,0,0,1,0,0,0,1,0,1
Performing Arts Academy,0,0,1,0,1,1,0,1,0,0,0,0,1,0,0,0,0,0,0,0,1
Performing Arts Academy,1,0,1,0,1,1,1,1,0,0,0,0,0,0,0,1,0,0,0,0,1
Performing Arts Academy,1,0,0,0,1,1,1,1,1,1,0,0,0,0,0,0,0,0,0,1,1
Performing Arts Academy,0,0,0,0,1,0,0,1,1,0,0,0,1,0,0,1,0,0,0,0,1
Performing Arts Academy,0,0,0,0,1,0,0,0,0,1,0,0,1,0,0,0,0,0,0,0,1
Performing Arts Academy,0,0,1,0,1,1,1,1,1,1,0,0,1,0,0,0,0,1,0,0,1
Performing Arts Academy,0,0,1,0,1,1,0,1,0,1,0,0,0,0,0,0,0,0,0,1,1
Performing Arts Academy,1,0,0,0,1,1,0,0,1,0,0,0,1,0,0,0,0,0,0,0,1
Performing Arts Academy,0,0,0,0,1,0,0,0,0,1,0,0,0,0,0,0,1,0,0,0,1
Performing Arts Academy,1,0,0,0,1,1,0,0,1,1,0,0,0,0,0,0,0,0,0,1,1
Performing Arts Academy,0,0,0,0,1,0,1,0,1,1,0,0,0,0,0,0,0,0,0,1,1
Performing Arts Academy,0,0,1,0,1,1,1,1,1,1,0,0,1,0,0,0,0,0,0,0,1
Performing Arts Academy,0,0,1,0,1,1,0,1,0,1,0,0,0,0,0,1,1,0,0,0,1
Performing Arts Academy,0,0,1,0,1,0,1,0,0,1,0,0,1,0,1,1,1,1,0,0,1
Performing Arts Academy,1,0,1,0,1,1,1,1,1,1,0,0,0,0,0,0,0,0,0,1,1
Performing Arts Academy,0,0,0,0,1,1,1,1,1,1,1,0,1,0,0,0,1,1,0,0,1
Performing Arts Academy,1,0,1,0,1,0,1,1,0,1,0,0,1,0,1,1,1,1,1,0,1
Performing Arts Academy,0,0,1,0,1,1,1,1,1,1,1,0,0,0,0,0,0,0,0,1,1
Performing Arts Academy,0,0,1,0,0,1,1,1,1,0,0,0,1,0,0,0,1,0,0,0,1
Performing Arts Academy,0,0,1,0,1,1,0,0,1,1,0,0,1,0,0,1,1,0,0,0,1
Performing Arts Academy,1,0,1,0,1,0,1,0,0,1,0,0,0,0,0,0,0,0,0,1,1
Performing Arts Academy,0,0,1,0,1,1,1,1,1,1,1,0,0,0,0,0,0,0,0,1,1
Performing Arts Academy,1,0,0,0,1,1,1,1,1,1,0,0,1,0,1,1,1,0,0,0,1
Performing Arts Academy,0,0,1,0,1,0,0,0,1,0,0,0,0,0,1,0,0,0,0,0,1
Performing Arts Academy,0,0,1,0,1,0,0,1,0,0,1,0,1,0,0,0,1,1,0,0,1
Performing Arts Academy,0,0,1,0,1,1,1,1,0,1,0,0,0,0,1,1,0,0,0,0,1
Performing Arts Academy,1,0,1,0,1,1,1,1,1,1,1,0,0,0,0,0,0,0,1,0,1
Performing Arts Academy,1,0,0,0,1,1,1,1,1,1,1,0,0,0,1,0,1,0,1,0,1
Performing Arts Academy,0,0,0,0,1,0,0,1,0,1,0,0,0,0,0,1,0,0,0,0,1
Performing Arts Academy,0,0,1,0,1,0,0,1,0,1,0,0,1,0,0,0,0,0,0,0,1
Performing Arts Academy,0,0,0,0,1,0,0,1,1,0,0,0,0,0,0,1,1,1,0,0,1
Performing Arts Academy,1,0,0,0,1,0,1,0,1,1,0,0,0,0,0,1,0,0,0,0,1
Performing Arts Academy,1,0,1,0,1,1,1,0,0,1,0,0,0,0,0,0,1,0,0,0,1
Performing Arts Academy,0,0,1,0,1,1,1,0,0,0,0,0,0,0,0,0,1,0,0,0,1
Performing Arts Academy,0,0,0,0,1,1,1,0,1,1,0,0,1,0,0,1,1,0,0,0,1
Performing Arts Academy,0,0,1,0,1,0,0,0,0,1,0,0,0,0,0,0,0,0,0,0,1
Performing Arts Academy,0,0,1,0,1,0,1,0,1,1,0,0,1,0,1,1,0,0,0,0,1
Performing Arts Academy,0,0,1,0,1,0,1,0,0,1,0,0,1,0,0,1,0,0,0,0,1
Performing Arts Academy,1,0,1,0,0,1,1,1,1,1,0,0,1,0,1,0,0,1,0,0,1
Performing Arts Academy,1,0,0,0,1,0,1,1,1,1,0,0,1,0,0,1,0,0,0,0,1
Performing Arts Academy,0,0,1,0,1,1,0,0,0,1,0,0,1,0,0,0,1,1,0,0,1
Performing Arts Academy,1,0,0,0,0,0,1,0,0,0,0,0,1,0,1,0,0,0,0,0,1
Performing Arts Academy,0,0,1,0,0,0,0,0,0,0,0,0,0,0,0,0,0,0,0,0,1
Performing Arts Academy,0,0,1,0,1,0,0,1,0,0,0,0,1,0,0,1,0,0,0,0,1
Performing Arts Academy,0,0,1,0,1,0,1,0,1,0,0,0,1,0,0,0,0,1,0,0,1
Performing Arts Academy,1,0,1,0,1,1,1,1,0,0,0,0,1,0,1,0,1,0,0,0,1
Performing Arts Academy,0,0,0,0,1,1,1,0,0,1,0,0,1,0,0,0,0,1,0,0,1
Performing Arts Academy,1,0,0,0,1,0,1,1,1,1,0,0,1,0,0,0,0,0,0,0,1
Performing Arts Academy,0,0,1,0,0,1,0,1,1,1,0,0,1,0,1,0,1,0,0,0,1
Performing Arts Academy,0,0,0,0,0,1,1,0,0,0,0,0,1,0,0,0,1,1,0,0,1
Performing Arts Academy,0,0,1,0,1,0,0,1,0,1,0,0,0,0,0,1,0,0,0,0,1
Performing Arts Academy,1,0,1,0,0,0,0,1,0,0,0,0,0,0,0,0,0,1,0,0,1
Performing Arts Academy,0,0,0,0,0,1,1,1,1,0,0,0,0,0,0,0,0,0,0,1,1
Performing Arts Academy,0,0,1,0,1,0,1,1,0,1,0,0,0,0,0,0,0,0,0,1,1
Performing Arts Academy,1,0,0,0,1,1,1,1,0,1,0,0,1,0,0,1,1,1,0,0,1
Performing Arts Academy,1,0,1,0,1,0,0,1,0,1,0,0,1,0,1,1,1,0,0,0,1
Performing Arts Academy,1,0,0,0,1,1,1,1,1,1,0,0,1,0,0,0,0,0,1,0,1
Performing Arts Academy,1,0,0,0,1,1,0,0,1,0,1,0,0,0,0,1,0,0,1,0,1
Performing Arts Academy,1,0,0,0,1,0,1,1,1,1,0,0,1,0,0,0,0,0,0,0,1
Performing Arts Academy,1,0,1,0,1,0,1,1,0,1,0,0,1,0,1,0,1,0,0,0,1
Performing Arts Academy,0,0,0,0,1,1,1,1,1,1,0,0,1,0,1,1,1,1,0,0,1
Performing Arts Academy,0,0,0,0,1,0,0,0,0,0,0,0,1,0,0,0,0,0,0,0,1
Performing Arts Academy,1,0,1,0,0,0,0,1,1,0,0,0,0,0,1,1,1,0,0,0,1
Performing Arts Academy,1,0,0,0,1,0,0,0,0,0,0,0,0,0,0,0,1,0,0,0,1
Performing Arts Academy,0,0,0,0,1,0,0,1,1,1,0,0,0,0,0,0,0,1,0,0,1
Performing Arts Academy,1,0,1,0,1,0,1,1,1,1,0,0,1,0,0,0,0,1,0,0,1
Performing Arts Academy,1,0,0,0,1,1,1,1,1,1,1,0,0,0,0,0,0,1,0,0,1
Performing Arts Academy,0,0,1,0,1,0,0,1,0,1,0,0,0,0,0,0,0,0,0,1,1
Performing Arts Academy,1,0,1,0,1,0,1,0,1,1,0,0,0,0,0,0,0,0,0,1,1
Performing Arts Academy,1,0,1,0,1,1,0,0,1,0,1,0,0,0,0,0,0,0,0,1,1
Performing Arts Academy,0,0,1,0,1,1,0,0,1,1,1,0,1,0,0,1,1,0,0,0,1
Performing Arts Academy,1,0,1,0,1,1,1,1,1,1,0,0,1,0,0,0,0,0,0,0,1
Performing Arts Academy,0,0,0,0,1,0,0,0,1,1,1,0,0,0,0,0,0,0,0,1,1
Performing Arts Academy,1,0,1,0,1,0,0,0,1,1,0,0,1,0,0,0,0,0,0,0,1
Performing Arts Academy,0,0,1,0,1,0,0,0,1,1,0,0,1,0,0,0,0,0,0,0,1
Performing Arts Academy,0,0,1,0,1,1,1,1,1,1,0,0,1,0,0,0,1,1,0,0,1
Performing Arts Academy,1,0,1,0,1,1,1,1,1,1,1,0,0,0,0,0,1,1,0,0,1
Performing Arts Academy,0,0,1,0,1,0,1,1,1,1,0,0,0,0,0,0,0,0,0,1,1
Performing Arts Academy,0,0,1,0,1,1,1,1,1,1,0,0,0,0,0,0,0,1,0,0,1
Performing Arts Academy,0,0,0,0,1,0,1,0,0,0,0,0,1,0,0,1,0,1,0,0,1
Performing Arts Academy,1,0,1,0,1,0,1,1,1,1,1,0,0,0,0,0,0,1,0,0,1
Performing Arts Academy,0,0,1,0,1,0,0,0,0,1,0,0,1,0,0,0,0,0,0,0,1
Performing Arts Academy,1,0,1,0,1,0,0,1,0,1,0,0,1,0,0,0,0,1,0,0,1
Performing Arts Academy,1,0,0,0,1,1,1,0,1,1,0,0,0,0,0,0,0,1,0,0,1
Performing Arts Academy,0,0,1,0,1,0,0,1,1,1,0,0,1,0,0,0,0,1,0,0,1
Performing Arts Academy,0,0,1,0,1,0,1,0,1,1,0,0,1,0,0,0,1,1,0,0,1
Performing Arts Academy,1,0,1,0,1,0,1,0,1,1,0,0,0,0,0,1,0,0,0,0,1
Performing Arts Academy,1,0,0,0,1,0,0,1,0,0,0,0,0,0,0,0,0,0,0,1,1
Performing Arts Academy,0,0,1,0,0,1,1,1,1,0,0,0,0,0,0,1,1,0,0,0,1
Performing Arts Academy,0,0,1,0,1,0,1,1,1,1,0,0,1,0,1,1,1,1,0,0,1
Performing Arts Academy,0,0,1,0,1,0,0,0,0,0,0,0,1,0,1,0,1,1,0,0,1
Performing Arts Academy,0,0,0,0,1,1,1,1,1,1,0,0,1,0,1,1,1,1,0,0,1
Performing Arts Academy,0,0,1,0,1,0,0,0,1,1,0,0,0,0,0,0,0,0,0,1,1
Performing Arts Academy,0,0,1,0,1,0,0,0,1,1,0,0,0,0,0,0,0,0,0,1,1
Performing Arts Academy,1,0,1,0,1,1,0,0,0,1,0,0,1,0,0,0,0,1,0,0,1
Performing Arts Academy,0,0,1,0,1,0,0,0,1,1,0,0,1,0,0,0,0,0,0,0,1
Performing Arts Academy,0,0,0,0,1,1,1,1,1,1,1,0,1,0,1,1,1,1,1,0,1
Performing Arts Academy,0,0,0,0,1,1,0,0,1,1,0,0,0,0,0,0,0,0,0,1,1
Performing Arts Academy,0,0,1,0,1,0,0,0,1,1,0,0,1,0,1,0,0,0,0,0,1
Performing Arts Academy,0,0,1,0,1,0,0,1,1,1,0,0,1,0,0,0,0,1,0,0,1
Performing Arts Academy,0,0,0,0,0,0,0,0,1,0,0,0,1,0,0,0,0,0,0,0,1
Performing Arts Academy,0,0,0,0,1,0,1,1,0,0,0,0,1,0,1,1,1,0,0,0,1
Performing Arts Academy,1,0,0,0,1,0,0,1,1,1,0,0,0,0,1,1,0,0,0,0,1
Performing Arts Academy,0,0,1,0,1,1,0,0,1,1,0,0,1,0,1,1,1,0,0,0,1
Performing Arts Academy,0,0,0,0,1,0,0,1,1,1,0,0,1,0,0,1,0,0,0,0,1
Performing Arts Academy,0,0,0,0,1,1,1,1,1,1,1,0,0,0,1,1,0,0,1,0,1
Pineland Regional Highschool,0,1,0,0,1,0,1,1,1,1,0,0,0,0,0,1,1,0,0,0,0
Pineland Regional Highschool,0,0,0,1,1,1,1,1,1,1,0,0,1,0,1,1,1,1,0,0,0
Pineland Regional Highschool,1,1,0,0,1,0,0,1,1,1,0,0,1,0,0,0,0,1,0,0,0
Pineland Regional Highschool,1,0,0,0,1,0,0,0,0,1,0,0,1,0,0,0,0,1,0,0,0
Pineland Regional Highschool,1,0,0,1,1,1,0,1,0,1,0,0,1,0,0,0,0,1,0,0,0
Pineland Regional Highschool,0,0,0,1,1,1,0,0,1,1,0,0,1,1,1,1,0,0,0,0,0
Pineland Regional Highschool,1,0,0,1,1,1,1,1,1,1,0,0,0,0,0,1,0,1,0,0,0
Pineland Regional Highschool,0,0,0,0,1,0,0,0,0,0,0,0,0,0,0,1,0,0,0,0,0
Pineland Regional Highschool,0,0,0,0,1,0,1,0,1,0,0,0,1,0,1,0,0,0,0,0,0
Pineland Regional Highschool,1,1,0,0,1,0,1,0,0,1,0,0,1,0,0,0,0,1,0,0,0
Pineland Regional Highschool,1,0,0,1,1,0,0,0,0,0,0,0,0,0,1,1,0,0,0,0,0
Pineland Regional Highschool,0,1,0,0,1,1,1,1,1,1,0,0,0,0,0,0,0,0,0,1,0
Pineland Regional Highschool,1,1,0,0,1,0,1,0,1,1,0,0,1,0,1,1,1,1,0,0,0
Pineland Regional Highschool,1,0,0,1,1,1,1,1,1,1,1,0,0,0,0,0,0,0,0,1,0
Pineland Regional Highschool,1,0,0,1,1,0,0,0,0,1,0,0,0,0,0,0,0,0,0,1,0
Pineland Regional Highschool,0,0,0,0,0,0,1,0,0,0,0,0,0,0,0,0,0,0,0,1,0
Pineland Regional Highschool,1,0,0,0,0,0,0,0,0,0,1,0,0,0,0,0,1,0,0,0,0
Pineland Regional Highschool,0,0,1,0,1,1,1,0,1,1,0,0,1,0,0,1,0,0,0,0,0
Pineland Regional Highschool,0,0,0,0,1,0,1,1,0,1,0,0,0,0,1,1,0,1,0,0,0
Pineland Regional Highschool,0,1,0,0,1,0,1,0,0,0,0,0,1,1,1,1,1,1,1,0,0
Pineland Regional Highschool,0,1,0,0,1,1,1,1,0,0,0,0,1,0,0,0,0,0,0,0,0
Pineland Regional Highschool,1,0,0,1,1,1,1,1,1,1,0,0,0,0,0,0,0,0,0,1,0
Pineland Regional Highschool,0,0,1,0,1,1,1,1,1,1,0,0,0,0,0,0,1,1,0,0,0
Pineland Regional Highschool,0,1,0,0,1,0,0,1,1,0,0,0,1,0,0,0,0,1,0,0,0
Pineland Regional Highschool,0,1,0,0,1,1,1,0,1,0,0,0,0,0,0,0,0,0,0,1,0
Pineland Regional Highschool,1,1,0,0,1,0,1,0,0,1,0,0,1,0,0,1,0,0,0,0,0
Pineland Regional Highschool,1,1,0,0,1,0,0,1,0,1,0,0,1,0,0,0,1,1,0,0,0
Pineland Regional Highschool,0,1,0,0,1,0,1,1,0,1,0,0,1,0,0,1,1,0,0,0,0
Pineland Regional Highschool,0,0,1,0,1,0,1,0,1,1,0,0,0,0,0,0,0,0,0,1,0
Pineland Regional Highschool,0,1,0,0,0,0,0,0,0,0,0,1,0,0,0,0,0,0,0,1,0
Pineland Regional Highschool,0,0,0,1,1,1,1,1,1,1,0,0,1,0,0,0,0,0,0,0,0
Pineland Regional Highschool,0,0,1,0,1,1,0,1,1,0,0,0,1,0,1,1,1,1,0,0,0
Pineland Regional Highschool,0,0,1,0,1,0,1,1,0,1,0,0,1,0,1,0,0,0,0,0,0
Pineland Regional Highschool,1,0,0,0,1,1,1,1,1,1,0,0,0,0,1,0,1,0,0,0,0
Pineland Regional Highschool,1,0,0,1,1,1,1,0,1,1,0,0,0,0,0,0,0,0,0,1,0
Pineland Regional Highschool,1,0,0,0,1,0,1,1,1,1,0,0,0,0,0,0,0,1,0,0,0
Pineland Regional Highschool,0,1,0,0,1,0,1,1,1,0,0,0,1,0,0,0,1,0,0,0,0
Pineland Regional Highschool,0,0,0,1,1,1,0,1,0,0,0,0,1,0,0,0,1,0,0,0,0
Pineland Regional Highschool,0,1,0,0,1,1,1,0,1,1,1,0,1,1,1,1,1,0,0,0,0
Pineland Regional Highschool,1,0,0,1,1,1,1,1,0,1,0,0,0,0,0,0,0,0,0,1,0
Pineland Regional Highschool,1,0,1,0,1,1,1,1,1,1,0,0,1,0,0,0,1,1,0,0,0
Pineland Regional Highschool,0,0,0,0,1,0,0,0,1,0,0,0,1,0,0,0,0,0,0,0,0
Pineland Regional Highschool,0,0,1,0,1,0,1,0,1,0,0,0,0,0,0,0,0,1,0,0,0
Pineland Regional Highschool,0,0,1,0,0,0,1,0,0,0,0,0,0,0,0,0,0,1,0,0,0
Pineland Regional Highschool,0,0,1,0,1,1,1,0,1,1,1,0,1,0,0,1,1,1,1,0,0
Pineland Regional Highschool,1,0,1,0,1,1,1,0,1,1,0,0,1,0,0,0,0,1,0,0,0
Pineland Regional Highschool,0,0,0,1,1,1,1,1,1,1,0,0,1,0,1,1,1,1,0,0,0
Pineland Regional Highschool,0,0,0,0,1,1,1,1,1,0,0,0,1,0,1,1,0,1,0,0,0
Pineland Regional Highschool,0,0,1,0,1,0,1,0,1,0,0,0,0,0,0,0,0,0,0,1,0
Pineland Regional Highschool,0,1,0,0,0,1,1,1,0,0,0,0,1,0,0,1,1,1,0,0,0
Pineland Regional Highschool,1,0,0,1,1,0,1,0,1,1,0,0,0,0,0,0,0,1,0,0,0
Pineland Regional Highschool,1,0,1,0,1,0,1,1,0,0,1,0,1,0,0,0,0,0,0,0,0
Pineland Regional Highschool,0,0,1,0,1,1,1,1,1,1,0,0,1,0,0,0,0,0,0,0,0
Pineland Regional Highschool,0,0,0,0,1,0,1,0,0,0,0,0,1,0,0,1,0,0,0,0,0
Pineland Regional Highschool,0,0,0,1,1,1,1,1,1,0,0,0,1,0,0,0,0,1,0,0,0
Pineland Regional Highschool,0,0,0,1,1,1,1,1,1,1,0,0,1,0,1,1,1,1,0,0,0
Pineland Regional Highschool,0,0,0,1,1,1,1,1,1,1,0,0,1,0,0,0,0,0,0,0,0
Pineland Regional Highschool,1,0,0,1,0,1,0,0,0,0,0,0,0,0,0,0,0,0,0,1,0
Pineland Regional Highschool,1,0,1,0,1,1,1,0,1,1,0,0,1,0,1,0,0,1,0,0,0
Pineland Regional Highschool,0,0,1,0,1,0,1,0,0,0,0,0,1,0,1,1,1,0,0,0,0
Pineland Regional Highschool,0,0,0,0,1,1,1,1,1,1,0,0,1,0,1,1,1,0,0,0,0
Pineland Regional Highschool,0,1,0,0,0,0,0,0,0,0,0,1,0,0,0,1,0,0,0,0,0
Pineland Regional Highschool,0,1,0,0,1,1,1,0,1,0,0,0,0,0,1,1,0,0,0,0,0
Pineland Regional Highschool,0,0,0,0,1,0,0,1,1,1,0,0,0,0,1,1,1,0,0,0,0
Pineland Regional Highschool,1,1,0,0,1,1,1,1,1,1,0,0,1,0,1,1,1,1,0,0,0
Pineland Regional Highschool,0,0,0,0,1,0,0,0,0,0,0,0,1,0,1,1,1,1,0,0,0
Pineland Regional Highschool,1,0,0,1,1,0,1,1,1,1,0,0,1,0,0,1,1,0,0,0,0
Pineland Regional Highschool,0,0,1,0,1,1,1,1,0,0,0,0,1,0,0,0,1,1,1,0,0
Pineland Regional Highschool,0,0,0,0,1,1,1,1,1,1,0,0,1,0,0,1,0,1,0,0,0
Pineland Regional Highschool,0,0,0,1,0,0,0,0,0,1,0,0,1,1,1,1,1,1,0,0,0
Pineland Regional Highschool,0,0,0,0,1,1,1,1,1,1,0,0,1,0,0,0,0,0,0,0,0
Pineland Regional Highschool,1,0,1,0,1,1,1,0,1,0,0,0,1,0,1,1,1,0,0,0,0
Pineland Regional Highschool,0,0,1,0,1,1,1,1,1,1,0,0,0,0,0,0,0,1,0,0,0
Pineland Regional Highschool,1,0,1,0,1,1,1,0,0,1,0,0,1,0,1,0,1,1,0,0,0
Pineland Regional Highschool,0,0,0,0,1,1,1,0,0,1,0,0,1,0,1,0,1,0,0,0,0
Pineland Regional Highschool,1,0,0,1,1,1,1,1,1,1,0,0,1,1,1,1,0,1,0,0,0
Pineland Regional Highschool,0,0,1,0,1,1,1,1,1,1,0,0,1,0,1,1,0,0,0,0,0
Pineland Regional Highschool,1,0,1,0,1,0,0,0,1,0,1,0,1,0,1,1,1,1,0,0,0
Pineland Regional Highschool,1,0,0,0,1,1,1,1,1,1,0,0,0,0,0,0,0,0,0,1,0
Pineland Regional Highschool,1,0,0,0,1,1,1,1,0,1,0,0,1,0,0,0,0,1,0,0,0
Pineland Regional Highschool,1,0,0,0,1,1,0,0,1,1,0,0,0,0,0,0,0,0,1,0,0
Pineland Regional Highschool,1,0,0,1,1,0,1,1,1,1,0,0,1,0,1,1,1,1,0,0,0
Pineland Regional Highschool,0,0,0,1,1,1,1,1,1,1,0,0,0,0,1,1,1,1,0,0,0
Pineland Regional Highschool,0,1,0,0,0,0,1,1,1,1,0,0,1,1,1,1,1,1,0,0,0
Pineland Regional Highschool,0,0,0,0,1,0,0,1,0,0,0,0,0,0,0,1,1,1,0,0,0
Pineland Regional Highschool,0,0,1,0,1,1,1,1,1,1,0,0,1,0,0,0,0,1,0,0,0
Pineland Regional Highschool,0,1,0,0,1,1,1,1,0,0,0,0,1,0,0,0,0,0,0,1,0
Pineland Regional Highschool,1,0,0,1,1,1,1,1,1,1,1,0,0,0,0,0,0,0,0,1,0
Pineland Regional Highschool,1,0,0,0,1,0,0,1,0,0,0,0,1,0,0,0,0,1,0,0,0
Pineland Regional Highschool,1,1,0,0,1,1,1,1,1,1,0,0,0,0,0,1,1,1,0,0,0
Pineland Regional Highschool,1,0,0,1,1,0,0,0,0,0,0,0,1,1,1,1,1,1,0,0,0
Pineland Regional Highschool,0,1,0,0,1,1,1,1,1,1,0,0,0,0,0,0,0,1,0,0,0
Pineland Regional Highschool,1,0,0,1,1,0,0,0,0,1,0,0,0,0,0,0,0,0,0,1,0
Pineland Regional Highschool,0,1,0,0,1,1,1,1,1,1,0,0,1,1,0,1,0,1,0,0,0
Pineland Regional Highschool,0,0,0,0,1,0,1,0,0,1,0,0,1,0,0,1,0,0,0,0,0
Point Pleasant Beach High School,1,0,0,1,1,1,1,1,1,1,0,0,1,0,0,0,0,1,0,0,0
Point Pleasant Beach High School,0,0,1,0,0,0,1,1,0,0,0,0,1,0,1,1,0,1,0,0,0
Point Pleasant Beach High School,0,1,0,0,1,0,0,0,1,1,0,0,1,0,0,0,0,0,0,0,0
Point Pleasant Beach High School,1,0,1,0,1,0,0,1,1,0,0,0,1,0,0,0,1,1,0,0,0
Point Pleasant Beach High School,0,0,1,0,1,0,1,1,1,1,0,0,1,0,1,0,1,1,0,0,0
Point Pleasant Beach High School,0,1,0,0,1,1,0,0,0,1,0,0,0,0,0,0,0,0,0,1,0
Point Pleasant Beach High School,0,1,0,0,1,0,1,0,1,1,0,0,1,0,0,0,1,1,0,0,0
Point Pleasant Beach High School,0,0,0,0,1,0,1,1,1,1,0,0,1,0,1,0,0,0,1,0,0
Point Pleasant Beach High School,0,0,0,0,1,0,0,0,1,1,0,0,0,0,0,1,1,1,0,0,0
Point Pleasant Beach High School,0,1,0,0,1,1,1,1,1,1,0,0,1,0,0,0,1,1,0,0,0
Point Pleasant Beach High School,1,1,0,0,1,1,1,1,1,1,0,0,1,0,0,0,0,1,0,0,0
Point Pleasant Beach High School,0,0,0,1,1,0,1,0,1,0,0,0,1,0,0,1,1,0,0,0,0
Post Secondary,1,0,1,0,0,0,1,0,0,0,0,0,0,0,0,1,0,0,0,0,0
Post Secondary,1,0,0,0,1,1,0,1,0,1,1,0,1,0,1,0,0,0,1,0,0
Rumson-Fair Haven Regional High School,0,0,0,1,1,0,1,1,1,1,0,0,1,0,0,0,1,1,0,0,0
"Saint Mark’s Highschool (Delaware, United States)",1,0,0,0,1,1,1,1,1,1,0,0,0,1,0,1,0,1,0,0,0
Scarborough High Maine Usa,1,0,1,0,1,1,0,0,1,1,1,0,0,0,0,0,0,1,0,0,0
"Skyview High School // Idaho, USA",1,0,0,0,1,0,1,0,1,1,0,0,1,0,0,0,0,1,0,0,0
Southern Regional High School,0,0,0,0,1,0,0,0,0,0,0,0,0,0,0,0,0,0,0,1,0
Southern Regional High School,0,0,1,0,1,1,1,1,1,1,0,0,0,0,0,0,0,0,0,1,0
Southern Regional High School,1,0,0,0,1,1,1,0,1,1,0,0,0,0,1,0,0,0,0,0,0
Southern Regional High School,0,0,0,0,1,1,0,0,1,1,0,0,1,0,0,1,1,0,0,0,0
Southern Regional High School,1,0,0,0,1,1,1,1,1,1,0,0,1,0,1,1,1,1,0,0,0
Southern Regional High School,0,0,1,0,1,0,1,1,0,1,0,0,1,0,1,1,0,0,0,0,0
"Spain Park High School (AL, USA)",1,0,0,1,1,1,1,1,1,1,0,0,0,0,0,1,0,1,0,0,0
"Tenafly high school (NJ, USA)",1,0,0,1,1,1,1,1,1,1,0,0,1,0,0,1,1,1,1,0,0
The Pilgrim Academy,1,0,0,0,1,1,1,1,1,1,0,0,0,0,0,0,0,0,1,0,0
The Pilgrim Academy,1,0,1,0,1,1,1,0,0,1,0,0,1,0,0,1,0,0,0,0,0
The Pilgrim Academy,1,1,0,0,0,0,0,0,0,0,1,0,0,0,0,0,0,1,0,0,0
Toms River High School North,0,0,0,0,0,1,1,1,1,0,0,0,1,0,0,0,1,0,1,0,0
Toms River High School North,0,0,1,0,1,0,1,1,0,1,0,0,0,0,0,0,0,0,0,1,0
Toms River High School North,0,0,0,0,1,0,0,0,0,0,0,0,0,0,0,0,0,0,0,1,0
Toms River High School North,0,0,1,0,1,1,1,1,0,1,0,0,0,0,0,0,0,0,0,1,0
Toms River High School North,0,0,0,0,1,0,0,0,0,1,0,0,0,1,0,0,0,0,0,0,0
Toms River High School North,0,0,1,0,1,1,1,1,1,1,0,0,1,0,0,1,0,1,0,0,0
Toms River High School North,0,0,0,0,1,0,1,0,1,1,0,0,0,0,0,1,1,1,0,0,0
Toms River High School North,0,0,0,0,1,1,1,1,1,1,0,0,0,0,0,0,1,1,0,0,0
Toms River High School North,0,0,0,0,1,0,0,0,0,0,0,0,0,0,0,1,0,0,0,0,0
Toms River High School North,0,0,0,0,1,1,1,1,1,1,0,0,1,1,1,1,1,1,0,0,0
Toms River High School North,0,0,0,0,1,1,0,1,0,0,0,0,1,0,1,1,1,0,0,0,0
Toms River High School North,1,0,0,0,1,0,0,0,0,0,0,0,0,0,0,0,0,0,0,1,0
Toms River High School East,0,0,0,0,1,1,1,1,1,1,0,0,0,0,1,0,0,0,0,0,0
Toms River High School North,0,0,0,0,1,1,1,1,1,1,0,0,1,1,1,0,0,0,0,0,0
Toms River High School North,0,0,0,0,1,1,1,1,1,0,0,0,1,0,1,1,0,1,0,0,0
Toms River High School North,0,1,0,0,1,1,0,0,0,1,0,0,0,0,1,0,0,0,0,0,0
Toms River High School South,0,0,1,0,1,0,0,0,0,0,0,0,1,0,0,0,0,0,0,0,0
Toms River High School South,0,1,0,0,0,0,1,1,0,1,0,0,0,0,1,1,0,0,0,0,0
Toms River High School South,0,0,0,0,1,0,0,0,1,1,0,0,1,1,0,0,1,1,0,0,0
Toms River High School South,0,1,0,0,1,1,1,1,1,1,0,0,1,0,0,1,0,1,0,0,0
Toms River High School South,1,0,0,0,1,0,1,1,1,0,1,0,1,0,0,1,1,1,0,0,0
Toms River High School South,0,0,1,0,1,0,0,0,1,1,0,0,0,0,0,1,0,1,0,0,0
Toms River High School South,1,0,0,0,1,1,1,1,1,1,0,0,0,0,0,0,0,0,0,1,0
Toms River High School South,0,0,1,0,1,1,1,1,1,1,0,0,1,0,0,0,1,0,0,0,0
Toms River High School South,0,0,0,0,1,1,0,1,1,1,0,0,0,0,0,0,0,1,0,0,0
Toms River High School South,1,0,0,0,1,0,0,0,0,1,0,0,0,0,0,0,0,0,0,1,0
Toms River High School South,0,0,0,0,1,0,1,1,1,0,0,0,1,0,1,1,0,0,0,0,0
Toms River High School South,0,0,0,0,1,1,1,1,1,1,0,0,1,0,0,1,1,1,0,0,0
Toms River High School South,0,0,0,1,1,0,0,0,1,1,0,0,1,0,0,0,0,0,0,0,0
Toms River High School South,0,0,0,0,1,1,0,1,1,0,0,0,1,1,1,0,1,0,0,0,0
Toms River High School South,1,1,0,0,1,1,1,1,1,1,0,0,1,0,1,0,0,1,0,0,0
Toms River High School South,0,0,0,0,1,0,0,0,0,1,0,0,1,0,0,0,0,1,0,0,0
Toms River High School South,1,0,0,0,1,0,0,1,0,1,0,0,1,0,0,0,1,0,0,0,0
Toms River High School South,0,0,0,0,1,0,0,0,0,0,0,0,0,0,0,1,0,0,0,0,0
Toms River High School East,0,0,0,0,0,1,0,0,0,1,0,0,1,1,1,1,1,1,0,0,0
Toms River High School East,0,1,0,0,1,1,1,1,1,1,0,0,1,0,0,0,0,0,0,0,0
Toms River High School South,0,0,1,0,1,0,1,0,0,1,0,0,0,0,1,0,0,1,0,0,0
Toms River High School East,1,0,0,1,1,1,1,1,1,1,0,0,0,0,0,0,0,0,0,1,0
Vernon Township High School,1,0,0,0,1,0,1,1,1,1,1,0,1,0,0,0,1,0,0,0,0
Vernon Township High School,1,0,1,0,1,1,1,0,1,1,0,0,0,0,0,1,0,1,0,0,0
Warren County Technical School,1,1,0,0,1,1,0,0,1,1,1,0,0,0,1,0,0,0,0,0,0
West Deptford High School,1,0,0,1,1,0,0,0,1,0,0,0,0,0,1,1,0,0,0,0,0
West Deptford High School,1,0,1,0,1,1,1,0,1,1,0,0,0,0,0,1,1,0,1,0,0
West Deptford High School,1,0,0,1,1,1,1,1,1,1,0,0,1,0,0,0,0,1,0,0,0
"Westminster Academy, Florida",1,0,0,0,1,1,1,1,1,1,1,0,1,0,1,1,1,1,0,0,0
